old_tag,new_tag,action,notes
People,People,hierarchy,parent=Agents (new top-level facet)
Demographic groups,Demographic groups,hierarchy,parent=People
Women,Women,hierarchy,parent=Demographic groups
Men,Men,hierarchy,parent=Demographic groups
Children,Children,hierarchy,parent=Demographic groups
Adolescents,Adolescents,hierarchy,parent=Demographic groups
Widows,Widows,hierarchy,parent=Demographic groups
Families,Families,hierarchy,parent=Demographic groups
Miners' families,Miners' families,hierarchy,parent=Families
Ethnic groups,Ethnic groups,hierarchy,parent=People
Aboriginal people,Aboriginal people,hierarchy,parent=Ethnic groups
Chinese people,Chinese people,hierarchy,parent=Ethnic groups
Irish culture,Irish culture,hierarchy,parent=Ethnic groups
Reference to the Irish or Irish culture,Irish culture,synonym,Renamed to emphasize cultural references rather than demographic group
Minors,Children,broader,Broader term covering both Children and Adolescents (ages <18)
Occupations,Occupations,hierarchy,parent=People
Miners,Miners,hierarchy,parent=Occupations
Medical professionals,Medical professionals,hierarchy,parent=Occupations
Dr Spark,Dr Spark,hierarchy,parent=Medical professionals
Dr Prangley,Dr Prangley,hierarchy,parent=Medical professionals
Dr Watkins,Dr Watkins,hierarchy,parent=Medical professionals
Dr Morgan,Dr Morgan,hierarchy,parent=Medical professionals
Clergy,Clergy,hierarchy,parent=Occupations
Reverend F V Pratt,Reverend F V Pratt,hierarchy,parent=Clergy
Reverend Canon Kemmis,Reverend Canon Kemmis,hierarchy,parent=Clergy
Reverend M S Fletcher,Reverend M S Fletcher,hierarchy,parent=Clergy
Reverend J H Maclean,Reverend J H Maclean,hierarchy,parent=Clergy
Reverend A Sutherland,Reverend A Sutherland,hierarchy,parent=Clergy
Reverence M C Brown,Reverence M C Brown,hierarchy,parent=Clergy
Reverend R M Laverty,Reverend R M Laverty,hierarchy,parent=Clergy
Cardinal Moran,Cardinal Moran,hierarchy,parent=Clergy
Law enforcement,Law enforcement,hierarchy,parent=Occupations
Police,Police,hierarchy,parent=Law enforcement (intermediate facet)
Senior-Constable Illingworth,Senior-Constable Illingworth,hierarchy,parent=Police
Senior-Constable Thorncroft,Senior-Constable Thorncroft,hierarchy,parent=Police
Constable Orr,Constable Orr,hierarchy,parent=Police
Constable John Hamilton,Constable John Hamilton,hierarchy,parent=Police
Constable O'Reilly,Constable O'Reilly,hierarchy,parent=Police
Constable White,Constable White,hierarchy,parent=Police
Sergeant Thorndyke,Sergeant Thorndyke,hierarchy,parent=Police
Legal officials,Legal officials,hierarchy,parent=Occupations
Coroners,Coroners,hierarchy,parent=Legal officials (intermediate facet)
Coroner,Coroner,hierarchy,parent=Coroners
Coroner Lethbridge,Coroner Lethbridge,hierarchy,parent=Coroners
Public officials,Public officials,hierarchy,parent=Occupations
Aldermen,Aldermen,hierarchy,parent=Public officials
Licensing inspector,Licensing inspector,hierarchy,parent=Public officials
Stationmaster,Stationmaster,hierarchy,parent=Public officials
Minister for Mines,Minister for Mines,hierarchy,parent=Public officials
Postal employees,Postal employees,hierarchy,parent=Public officials
Postmasters,Postmasters,hierarchy,parent=Postal employees
Postmaster,Postmaster,hierarchy,parent=Postmasters
Mrs. H. Corston,Mrs. H. Corston,hierarchy,parent=Postmasters
Mrs. A. Smith,Mrs. A. Smith,hierarchy,parent=Postmasters
Mrs. James,Mrs. James,hierarchy,parent=Postmasters
Mrs. England,Mrs. England,hierarchy,parent=Postmasters
Mailmen,Mailmen,hierarchy,parent=Postal employees
Mailman,Mailman,hierarchy,parent=Mailmen
Postman,Mailman,synonym,Alternative term for mailman
Postboy,Postboy,hierarchy,parent=Mailmen
Hospitality workers,Hospitality workers,hierarchy,parent=Occupations
Publican,Publican,hierarchy,parent=Hospitality workers
Liquor merchants,Liquor merchants,hierarchy,parent=Hospitality workers
Mr Wilkinson,Mr Wilkinson,hierarchy,parent=Liquor merchants
Hotelliers,Hotelliers,hierarchy,parent=Hospitality workers
Hotellier,Hotellier,hierarchy,parent=Hotelliers
Mrs Long,Mrs Long,hierarchy,parent=Hotelliers
Mr Wilson,Mr Wilson,hierarchy,parent=Hotelliers
Mr Manuel,Mr Manuel,hierarchy,parent=Hotelliers
F. C. Goyder,F. C. Goyder,hierarchy,parent=Hotelliers
Rubina Fryer,Rubina Fryer,hierarchy,parent=Hotelliers
Isabellea J. Long,Isabellea J. Long,hierarchy,parent=Hotelliers
Mr N. Delaney,Mr N. Delaney,hierarchy,parent=Hotelliers
Mr Ellis,Mr Ellis,hierarchy,parent=Hotelliers
Mr Joe Nimmo,Mr Joe Nimmo,hierarchy,parent=Hotelliers
Mrs (Joe) Nimmo,Mrs (Joe) Nimmo,hierarchy,parent=Hotelliers
Manuell,Manuell,hierarchy,parent=Hotelliers
Mrs Brown,Mrs Brown,hierarchy,parent=Hotelliers
W. Green,W. Green,hierarchy,parent=Hotelliers
Richard Allen,Richard Allen,hierarchy,parent=Hotelliers
Mr Alf. Goodare,Mr Alf. Goodare,hierarchy,parent=Hotelliers
Mr R. Fryer,Mr R. Fryer,hierarchy,parent=Hotelliers
Mrs (R.) Fryer,Mrs (R.) Fryer,hierarchy,parent=Hotelliers
Mr Edwards,Mr Edwards,hierarchy,parent=Hotelliers
Biles,Biles,hierarchy,parent=Hotelliers
Mr J. Nimmo,Mr J. Nimmo,hierarchy,parent=Hotelliers
Mr D. Thompson,Mr D. Thompson,hierarchy,parent=Hotelliers
Mr D. Brown,Mr D. Brown,hierarchy,parent=Hotelliers
Mr P. G. Whittall,Mr P. G. Whittall,hierarchy,parent=Hotelliers
Allen,Allen,hierarchy,parent=Hotelliers
Mr Delaney,Mr Delaney,hierarchy,parent=Hotelliers
Mr A. G. Rowell,Mr A. G. Rowell,hierarchy,parent=Hotelliers
Mr D Thomson,Mr D Thomson,hierarchy,parent=Hotelliers
Brown,Brown,hierarchy,parent=Hotelliers
Military personnel,Military personnel,hierarchy,parent=Occupations
Soldiers,Soldiers,hierarchy,parent=Military personnel
Maritime workers,Maritime workers,hierarchy,parent=Occupations
Shipwright,Shipwright,hierarchy,parent=Maritime workers
Other goods and services,Other goods and services,hierarchy,parent=Occupations
Coach and buggy business,Coach and buggy business,hierarchy,parent=Other goods and services
Mr Thomas Cale,Mr Thomas Cale,hierarchy,parent=Coach and buggy business
Organizations,Organizations,hierarchy,parent=Agents (new top-level facet)
Commercial businesses,Commercial businesses,hierarchy,parent=Organizations
Mining companies,Mining companies,hierarchy,parent=Commercial businesses
Australian Kerosene Oil and Mineral Company,Australian Kerosene Oil and Mineral Company,hierarchy,parent=Mining companies
Katoomba Coal and Shale Company,Katoomba Coal and Shale Company,hierarchy,parent=Mining companies
Gladstone Coal Company,Gladstone Coal Company,hierarchy,parent=Mining companies
Sunny Corner Mining Company,Sunny Corner Mining Company,hierarchy,parent=Mining companies
South Clifton Mine Company,South Clifton Mine Company,hierarchy,parent=Mining companies
New South Wales Shale and Oil Company,New South Wales Shale and Oil Company,hierarchy,parent=Mining companies
Waudby and Company,Waudby and Company,hierarchy,parent=Mining companies
Retailers and stores,Retailers and stores,hierarchy,parent=Commercial businesses
Store,Store,hierarchy,parent=Retailers and stores
Peckman Bros,Peckman Bros,hierarchy,parent=Retailers and stores
Nimmo's,Nimmo's,hierarchy,parent=Retailers and stores
Tabrett and Company,Tabrett and Company,hierarchy,parent=Retailers and stores
Douglas and Company,Douglas and Company,hierarchy,parent=Retailers and stores
Financial institutions,Financial institutions,hierarchy,parent=Commercial businesses
Bank,Bank,hierarchy,parent=Financial institutions
Hospitality businesses,Hospitality businesses,hierarchy,parent=Commercial businesses
Hotels,Hotels,hierarchy,parent=Hospitality businesses
Megalong Hotel,Megalong Hotel,hierarchy,parent=Hotels
Mount Victoria Hotel,Mount Victoria Hotel,hierarchy,parent=Hotels
Mrs Long's Hotel,Mrs Long's Hotel,hierarchy,parent=Hotels
Family Hotel,Family Hotel,hierarchy,parent=Hotels
Belgravia Hotel,Belgravia Hotel,hierarchy,parent=Hotels
Railway Hotel,Railway Hotel,hierarchy,parent=Hotels
Grand Hotel,Grand Hotel,hierarchy,parent=Hotels
Allen's Hotel,Allen's Hotel,hierarchy,parent=Hotels
Centennial Hotel,Centennial Hotel,hierarchy,parent=Hotels
Brown's Hotel,Brown's Hotel,hierarchy,parent=Hotels
Katoomba Hotel,Katoomba Hotel,hierarchy,parent=Hotels
Wentworth Falls Hotel,Wentworth Falls Hotel,hierarchy,parent=Hotels
Imperial Hotel,Imperial Hotel,hierarchy,parent=Hotels
Katoomba Family Hotel,Katoomba Family Hotel,hierarchy,parent=Hotels
Delaney's Hotel,Delaney's Hotel,hierarchy,parent=Hotels
Carrington Hotel,Carrington Hotel,hierarchy,parent=Hotels
Hoffman's House,Hoffman's House,hierarchy,parent=Hotels
Montrose House,Montrose House,hierarchy,parent=Hotels
Boarding houses,Boarding houses,hierarchy,parent=Hospitality businesses
Transport & logistics businesses,Transport & logistics businesses,hierarchy,parent=Commercial businesses
Trucking,Trucking,hierarchy,parent=Transport & logistics businesses
Religious organizations,Religious organizations,hierarchy,parent=Organizations
Churches,Churches,hierarchy,parent=Religious organizations
Church,Church,hierarchy,parent=Churches
Wesleyan Church,Wesleyan Church,hierarchy,parent=Churches
Congregational Church,Congregational Church,hierarchy,parent=Churches
Methodist Church,Methodist Church,hierarchy,parent=Churches
Katoomba Congregational Church,Katoomba Congregational Church,hierarchy,parent=Churches
St Hilda's Church,St Hilda's Church,hierarchy,parent=Churches
Roman Catholic Church,Roman Catholic Church,hierarchy,parent=Churches
Religious social movements,Religious social movements,hierarchy,parent=Religious organizations
Salvation Army,Salvation Army,hierarchy,parent=Religious social movements
Good Templars,Good Templars,hierarchy,parent=Religious social movements
Religious education,Religious education,hierarchy,parent=Religious organizations
Sunday school,Sunday school,hierarchy,parent=Religious education
Fraternal orders & lodges,Fraternal orders & lodges,hierarchy,parent=Organizations
Lodges,Lodges,hierarchy,parent=Fraternal orders & lodges
Freemasons,Freemasons,hierarchy,parent=Lodges
Independent Order of Odd Fellows,Independent Order of Odd Fellows,hierarchy,parent=Lodges
United Ancient Order of Druids,United Ancient Order of Druids,hierarchy,parent=Lodges
Druid's Lodge (local lodge),Druid's Lodge (local lodge),hierarchy,parent=United Ancient Order of Druids
Independent lodges,Independent lodges,hierarchy,parent=Lodges
Mountaineer Lodge,Mountaineer Lodge,hierarchy,parent=Independent lodges
Cultural & recreational organizations,Cultural & recreational organizations,hierarchy,parent=Organizations
Sports clubs,Sports clubs,hierarchy,parent=Cultural & recreational organizations
Cricket clubs,Cricket clubs,hierarchy,parent=Sports clubs
Katoomba Cricket Club,Katoomba Cricket Club,hierarchy,parent=Cricket clubs
Megalong Cricket Club,Megalong Cricket Club,hierarchy,parent=Cricket clubs
Football clubs,Football clubs,hierarchy,parent=Sports clubs
Katoomba Football Club,Katoomba Football Club,hierarchy,parent=Football clubs
Tennis clubs,Tennis clubs,hierarchy,parent=Sports clubs
Katoomba Tennis Club,Katoomba Tennis Club,hierarchy,parent=Tennis clubs
Lawn Tennis Club,Lawn Tennis Club,hierarchy,parent=Tennis clubs
Athletic clubs,Athletic clubs,hierarchy,parent=Sports clubs
Katoomba Athletic Club,Katoomba Athletic Club,hierarchy,parent=Athletic clubs
Rifle clubs,Rifle clubs,hierarchy,parent=Sports clubs
Rifle club,Rifle club,hierarchy,parent=Rifle clubs
Performance groups,Performance groups,hierarchy,parent=Cultural & recreational organizations
Choirs,Choirs,hierarchy,parent=Performance groups
Choir,Choir,hierarchy,parent=Choirs
Bands,Bands,hierarchy,parent=Performance groups
Band,Band,hierarchy,parent=Bands
Katoomba band,Katoomba band,hierarchy,parent=Bands
Minstrel troupes,Minstrel troupes,hierarchy,parent=Performance groups
Katoomba Amateur Minstrels,Katoomba Amateur Minstrels,hierarchy,parent=Minstrel troupes
Cultural societies,Cultural societies,hierarchy,parent=Cultural & recreational organizations
Schools of Arts,Schools of Arts,hierarchy,parent=Cultural societies
School of Arts,School of Arts,hierarchy,parent=Schools of Arts
Katoomba School of Arts,Katoomba School of Arts,hierarchy,parent=Schools of Arts
Horticulture society,Horticulture society,hierarchy,parent=Cultural societies
Katoomba Amateur Dramatic Club,Katoomba Amateur Dramatic Club,hierarchy,parent=Cultural societies
Chess and Draughts Club,Chess and Draughts Club,hierarchy,parent=Cultural societies
Civic organizations,Civic organizations,hierarchy,parent=Organizations
Progress committees,Progress committees,hierarchy,parent=Civic organizations
Katoomba Progress Association,Katoomba Progress Association,hierarchy,parent=Progress committees
Leura Progress Association,Leura Progress Association,hierarchy,parent=Progress committees
Wentworth Falls Progress Association,Wentworth Falls Progress Association,hierarchy,parent=Progress committees
Mount Victoria Progress Committee,Mount Victoria Progress Committee,hierarchy,parent=Progress committees
Megalong Progress Committee,Megalong Progress Committee,hierarchy,parent=Progress committees
Labour organizations,Labour organizations,hierarchy,parent=Civic organizations
Unions,Unions,hierarchy,parent=Labour organizations
Government bodies,Government bodies,hierarchy,parent=Organizations
Courts,Courts,hierarchy,parent=Government bodies
Court,Court,hierarchy,parent=Courts
Supreme Court,Supreme Court,hierarchy,parent=Courts
Police court,Police court,hierarchy,parent=Courts
Licensing Court,Licensing Court,hierarchy,parent=Courts
Katoomba Court,Katoomba Court,hierarchy,parent=Courts
Councils,Councils,hierarchy,parent=Government bodies
Katoomba Council,Katoomba Council,hierarchy,parent=Councils
Lithgow Council,Lithgow Council,hierarchy,parent=Councils
Railway authorities,Railway authorities,hierarchy,parent=Government bodies
Railway commission,Railway commission,hierarchy,parent=Railway authorities
Postal authorities,Postal authorities,hierarchy,parent=Government bodies
Postal Department,Postal Department,hierarchy,parent=Postal authorities
Post Office Department,Postal Department,synonym,Historical name for Postal Department
Other government bodies,Other government bodies,hierarchy,parent=Government bodies
Aborigines' Protection Board,Aborigines' Protection Board,hierarchy,parent=Other government bodies
Animals,Animals,hierarchy,parent=Agents (new top-level facet)
Horses,Horses,hierarchy,parent=Animals
Dogs,Dogs,hierarchy,parent=Animals
Cattle,Cattle,hierarchy,parent=Animals
Mining districts,Mining districts,hierarchy,parent=Places (existing facet)
Ruined Castle,Ruined Castle,hierarchy,parent=Mining districts
Ruined Castle Shale Mine,Ruined Castle Shale Mine,hierarchy,parent=Ruined Castle
Nellie's Glen,Nellie's Glen,hierarchy,parent=Mining districts
Nellie's Glen Track,Nellie's Glen Track,hierarchy,parent=Nellie's Glen
Nellie's Glen Road,Nellie's Glen Road,hierarchy,parent=Nellie's Glen
Nellie's Glen Shale Mine,Nellie's Glen Shale Mine,hierarchy,parent=Nellie's Glen
South Clifton,South Clifton,hierarchy,parent=Mining districts
South Clifton Tunnel Mine,South Clifton Tunnel Mine,hierarchy,parent=South Clifton
Natural features,Natural features,hierarchy,parent=Places (existing facet)
Waterfalls,Waterfalls,hierarchy,parent=Natural features
Katoomba Falls,Katoomba Falls,hierarchy,parent=Waterfalls
Leura Falls,Leura Falls,hierarchy,parent=Waterfalls
Minnehaha,Minnehaha,hierarchy,parent=Waterfalls
Valleys,Valleys,hierarchy,parent=Natural features
Megalong Valley,Megalong Valley,hierarchy,parent=Valleys
Kanimbla Valley,Kanimbla Valley,hierarchy,parent=Valleys
Jamieson Valley,Jamieson Valley,hierarchy,parent=Valleys
Mountain features,Mountain features,hierarchy,parent=Natural features
Narrow Neck,Narrow Neck,hierarchy,parent=Mountain features
Caves & geological features,Caves & geological features,hierarchy,parent=Natural features
Jenolan Caves,Jenolan Caves,hierarchy,parent=Caves & geological features
Jenolan Caves Road,Jenolan Caves Road,hierarchy,parent=Jenolan Caves
Gullies,Gullies,hierarchy,parent=Natural features
Nellie's Glen,Nellie's Glen,hierarchy,parent=Gullies
Towns,Towns,hierarchy,parent=Places (existing facet)
Katoomba,Katoomba,hierarchy,parent=Towns
Carrington,Carrington,hierarchy,parent=Katoomba
South Katoomba,South Katoomba,hierarchy,parent=Katoomba
Leura,Leura,hierarchy,parent=Towns
Medlow,Medlow,hierarchy,parent=Towns
Mount Victoria,Mount Victoria,hierarchy,parent=Towns
Hartley Vale,Hartley Vale,hierarchy,parent=Towns
Clarence,Clarence,hierarchy,parent=Towns
Lithgow,Lithgow,hierarchy,parent=Towns
Sydney,Sydney,hierarchy,parent=Towns
Blackheath,Blackheath,hierarchy,parent=Towns
Megalong,Megalong,hierarchy,parent=Towns
Middle camp,Middle camp,hierarchy,parent=Megalong
Reserves,Reserves,hierarchy,parent=Places (existing facet)
Rifle reserves,Rifle reserves,hierarchy,parent=Reserves
Katoomba Rifle Reserve,Katoomba Rifle Reserve,hierarchy,parent=Rifle reserves
Wentworth Falls Reserve,Wentworth Falls Reserve,hierarchy,parent=Reserves
Leura Reserve,Leura Reserve,hierarchy,parent=Reserves
South Katoomba Reserve,South Katoomba Reserve,hierarchy,parent=Reserves
Wentworth Falls Reserves,Wentworth Falls Reserve,synonym,Plural variant - standardised to singular
Katoomba Rifle Reserves,Katoomba Rifle Reserve,synonym,Plural variant - standardised to singular
Mt Victoria,Mount Victoria,synonym,Abbreviation of Mount Victoria (town)
Mt Victoria Hotel,Mount Victoria Hotel,synonym,Abbreviation of Mount Victoria Hotel
Built Environment,Built Environment,hierarchy,parent=(new top-level facet)
Accommodation and hospitality venues,Accommodation and hospitality venues,hierarchy,parent=Built Environment
Hotels,Hotels,hierarchy,parent=Accommodation and hospitality venues
Hotel,Hotel,hierarchy,parent=Hotels
Comet Hotel,Comet Hotel,hierarchy,parent=Hotels
Falls Hotel,Falls Hotel,hierarchy,parent=Hotels
Fryer's Family Hotel,Fryer's Family Hotel,hierarchy,parent=Hotels
Grand Hotel (Sydney),Grand Hotel (Sydney),hierarchy,parent=Hotels
Great Western Hotel,Great Western Hotel,hierarchy,parent=Hotels
Hotel Wentworth,Hotel Wentworth,hierarchy,parent=Hotels
Hydora House Hotel,Hydora House Hotel,hierarchy,parent=Hotels
Leura Hotel,Leura Hotel,hierarchy,parent=Hotels
Oxford Hotel (Sydney),Oxford Hotel (Sydney),hierarchy,parent=Hotels
Boarding houses,Boarding houses,hierarchy,parent=Accommodation and hospitality venues
Boarding house,Boarding house,hierarchy,parent=Boarding houses
Orama Boarding House,Orama Boarding House,hierarchy,parent=Boarding houses
Cottages,Cottages,hierarchy,parent=Accommodation and hospitality venues
Cottage,Cottage,hierarchy,parent=Cottages
Stables,Stables,hierarchy,parent=Accommodation and hospitality venues
Stable,Stable,hierarchy,parent=Stables
Dwellings,Dwellings,hierarchy,parent=Accommodation and hospitality venues
Miners' dwellings,Miners' dwellings,hierarchy,parent=Dwellings
Public houses,Public houses,hierarchy,parent=Accommodation and hospitality venues
Public house,Public house,hierarchy,parent=Public houses
Pub,Public house,synonym,Colloquial term for public house
Civic buildings,Civic buildings,hierarchy,parent=Built Environment
Court buildings,Court buildings,hierarchy,parent=Civic buildings
Courthouse,Courthouse,hierarchy,parent=Court buildings
Katoomba Court,Katoomba Court,hierarchy,parent=Court buildings
Council buildings,Council buildings,hierarchy,parent=Civic buildings
Council Chambers,Council Chambers,hierarchy,parent=Council buildings
Police facilities,Police facilities,hierarchy,parent=Civic buildings
Police station,Police station,hierarchy,parent=Police facilities
Postal facilities,Postal facilities,hierarchy,parent=Civic buildings
Post office,Post office,hierarchy,parent=Postal facilities
Educational buildings,Educational buildings,hierarchy,parent=Built Environment
Schools,Schools,hierarchy,parent=Educational buildings
School,School,hierarchy,parent=Schools
Mount Victoria School,Mount Victoria School,hierarchy,parent=Schools
Katoomba Public School,Katoomba Public School,hierarchy,parent=Schools
Katoomba Superior Public School,Katoomba Superior Public School,hierarchy,parent=Schools
Megalong Valley School,Megalong Valley School,hierarchy,parent=Schools
Religious buildings,Religious buildings,hierarchy,parent=Built Environment
Churches,Churches,hierarchy,parent=Religious buildings
Community buildings,Community buildings,hierarchy,parent=Built Environment
Halls,Halls,hierarchy,parent=Community buildings
Schools of Arts,Schools of Arts,hierarchy,parent=Halls
School of Arts,School of Arts,hierarchy,parent=Schools of Arts
Katoomba School of Arts,Katoomba School of Arts,hierarchy,parent=Schools of Arts
Clarke's Hall,Clarke's Hall,hierarchy,parent=Halls
Waudby's Hall,Waudby's Hall,hierarchy,parent=Halls
Mount Victoria Hall,Mount Victoria Hall,hierarchy,parent=Halls
Odd Fellows' Hall,Odd Fellows' Hall,hierarchy,parent=Halls
Masonic Hall,Masonic Hall,hierarchy,parent=Halls
Commercial buildings,Commercial buildings,hierarchy,parent=Built Environment
Store,Store,hierarchy,parent=Commercial buildings
Bank,Bank,hierarchy,parent=Commercial buildings
Infrastructure,Infrastructure,hierarchy,parent=Built Environment
Transport infrastructure,Transport infrastructure,hierarchy,parent=Infrastructure
Railway,Railway,hierarchy,parent=Transport infrastructure
Great Western Railway,Great Western Railway,hierarchy,parent=Railway
Railway infrastructure,Railway infrastructure,hierarchy,parent=Railway
Katoomba station,Katoomba station,hierarchy,parent=Railway infrastructure
Zig Zag,Zig Zag,hierarchy,parent=Railway infrastructure
Railway operations,Railway operations,hierarchy,parent=Railway
Tourist trains,Tourist trains,hierarchy,parent=Railway operations
Roads,Roads,hierarchy,parent=Transport infrastructure
Jenolan Caves Road,Jenolan Caves Road,hierarchy,parent=Roads
Nellie's Glen Road,Nellie's Glen Road,hierarchy,parent=Roads
Nellie's Glen Track,Nellie's Glen Track,hierarchy,parent=Roads
Mining infrastructure,Mining infrastructure,hierarchy,parent=Infrastructure
Tramway,Tramway,hierarchy,parent=Mining infrastructure
Utilities,Utilities,hierarchy,parent=Infrastructure
Sewerage,Sewerage,hierarchy,parent=Utilities
Gas,Gas,hierarchy,parent=Utilities
Events,Events,hierarchy,parent=(new top-level facet)
Life events,Life events,hierarchy,parent=Events
Death,Death,hierarchy,parent=Life events
Death notice,Death notice,hierarchy,parent=Death
Marriage,Marriage,hierarchy,parent=Life events
Funeral,Funeral,hierarchy,parent=Life events
Social events,Social events,hierarchy,parent=Events
Dance,Dance,hierarchy,parent=Social events
Ball,Ball,hierarchy,parent=Social events
Flower show,Flower show,hierarchy,parent=Social events
Sporting events,Sporting events,hierarchy,parent=Events
Cricket,Cricket,hierarchy,parent=Sporting events
Girls' cricket,Girls' cricket,hierarchy,parent=Cricket
Football,Football,hierarchy,parent=Sporting events
Tennis,Tennis,hierarchy,parent=Sporting events
Athletics,Athletics,hierarchy,parent=Sporting events
Rugby,Rugby,hierarchy,parent=Sporting events
Shooting,Shooting,hierarchy,parent=Sporting events
Billiards,Billiards,hierarchy,parent=Sporting events
Cultural events,Cultural events,hierarchy,parent=Events
Concert,Concert,hierarchy,parent=Cultural events
Debate,Debate,hierarchy,parent=Cultural events
Corroboree,Corroboree,hierarchy,parent=Cultural events
Legal events,Legal events,hierarchy,parent=Events
Court cases,Court cases,hierarchy,parent=Legal events
Bankruptcy,Bankruptcy,hierarchy,parent=Legal events
Divorce,Divorce,hierarchy,parent=Legal events
Criminal events,Criminal events,hierarchy,parent=Events
Theft,Theft,hierarchy,parent=Criminal events
Rape,Rape,hierarchy,parent=Criminal events
Fighting,Fighting,hierarchy,parent=Criminal events
Assault,Assault,hierarchy,parent=Criminal events
Bigamy,Bigamy,hierarchy,parent=Criminal events
Sexual violence,Sexual violence,hierarchy,parent=Criminal events
Desertion,Desertion,hierarchy,parent=Criminal events
Alcohol-related,Alcohol-related,hierarchy,parent=Criminal events
Drunkenness (crime),Drunkenness (crime),hierarchy,parent=Alcohol-related
Unlicensed sales,Unlicensed sales,hierarchy,parent=Alcohol-related
Sly-grog operations,Unlicensed sales,synonym,Australian colonial term for unlicensed liquor sales
Serving alcohol to minors,Serving alcohol to minors,hierarchy,parent=Alcohol-related
Political events,Political events,hierarchy,parent=Events
Election,Election,hierarchy,parent=Political events
Public meeting,Public meeting,hierarchy,parent=Political events
Petition,Petition,hierarchy,parent=Political events
Economic events,Economic events,hierarchy,parent=Events
Strike,Strike,hierarchy,parent=Economic events
Mine closure,Mine closure,hierarchy,parent=Economic events
Disasters & accidents,Disasters & accidents,hierarchy,parent=Events
Accident,Accident,hierarchy,parent=Disasters & accidents
Mining accidents,Mining accidents,hierarchy,parent=Accident
Mount Kembla Disaster,Mount Kembla Disaster,hierarchy,parent=Mining accidents
Fire,Fire,hierarchy,parent=Disasters & accidents
Historical events,Historical events,hierarchy,parent=Events
World War I,World War I,hierarchy,parent=Historical events
Port Kembla disaster,Mount Kembla Disaster,synonym,Historical misnomer - actually Mount Kembla (not Port Kembla)
Mount Kembla Colliery Disaster,Mount Kembla Disaster,synonym,Alternative name for 1902 mining disaster
Activities,Activities,hierarchy,parent=(new top-level facet)
Economic activities,Economic activities,hierarchy,parent=Activities
Mining,Mining,hierarchy,parent=Economic activities
Shale mining,Shale mining,hierarchy,parent=Mining
Shale mines,Shale mines,hierarchy,parent=Shale mining
Coal mining,Coal mining,hierarchy,parent=Mining
Coal,Coal,hierarchy,parent=Coal mining
Coal mines,Coal mines,hierarchy,parent=Coal mining
Gold mining,Gold mining,hierarchy,parent=Mining
Tourism,Tourism,hierarchy,parent=Economic activities
Transport,Transport,hierarchy,parent=Economic activities
Trucking,Trucking,hierarchy,parent=Transport
Horseborne transportation,Horseborne transportation,hierarchy,parent=Transport
Commercial activities,Commercial activities,hierarchy,parent=Activities
Liquor trade,Liquor trade,hierarchy,parent=Commercial activities
Liquor sales,Liquor sales,hierarchy,parent=Liquor trade
Wholesale liquor business,Wholesale liquor business,hierarchy,parent=Liquor trade
Recreation activities,Recreation activities,hierarchy,parent=Activities
Recreation for miners,Recreation for miners,hierarchy,parent=Recreation activities
Sports,Sports,hierarchy,parent=Recreation activities
Horseback riding,Horseback riding,hierarchy,parent=Recreation activities
Social behaviours,Social behaviours,hierarchy,parent=Activities
Drinking (alcohol),Drinking (alcohol),hierarchy,parent=Social behaviours
Drinking,Drinking (alcohol),synonym,Renamed for clarity - refers specifically to alcohol consumption
Gambling,Gambling,hierarchy,parent=Social behaviours
Temperance,Temperance,hierarchy,parent=Social behaviours
Communication activities,Communication activities,hierarchy,parent=Activities
Advertising,Advertising,hierarchy,parent=Communication activities
Fundraising,Fundraising,hierarchy,parent=Communication activities
Postal services,Postal services,hierarchy,parent=Communication activities
Postal service,Postal service,hierarchy,parent=Postal services
Post,Postal service,synonym,Generic term for postal service (deprecated - use specific tags)
Military activities,Military activities,hierarchy,parent=Activities
Military,Military,hierarchy,parent=Military activities
Regulatory processes,Regulatory processes,hierarchy,parent=Activities
Licensing,Licensing,hierarchy,parent=Regulatory processes
Liquor licensing,Liquor licensing,hierarchy,parent=Licensing
Hotel licensing,Hotel licensing,hierarchy,parent=Licensing
Publican's licensing,Publican's licensing,hierarchy,parent=Licensing
Publican's License,Publican's licensing,synonym,Historical term for licence to operate public house serving alcohol
Charitable and welfare activities,Charitable and welfare activities,hierarchy,parent=Activities
Charity,Charity,hierarchy,parent=Charitable and welfare activities
Unemployment relief,Unemployment relief,hierarchy,parent=Charitable and welfare activities
Information Forms,Information Forms,hierarchy,parent=(conceptual facet)
Legal documents,Legal documents,hierarchy,parent=Information Forms
Legislation,Legislation,hierarchy,parent=Legal documents
Licensing Act,Licensing Act,hierarchy,parent=Legislation
Licenses,Licenses,hierarchy,parent=Legal documents
Publican's License,Publican's License,hierarchy,parent=Licenses
Maps,Maps,hierarchy,parent=Information Forms
Associated Concepts,Associated Concepts,hierarchy,parent=(conceptual facet)
Physical phenomena,Physical phenomena,hierarchy,parent=Associated Concepts
Weather,Weather,hierarchy,parent=Physical phenomena
Social & economic concepts,Social & economic concepts,hierarchy,parent=Associated Concepts
Unemployment,Unemployment,hierarchy,parent=Social & economic concepts
Physical and health conditions,Physical and health conditions,hierarchy,parent=Associated Concepts
Injury,Injury,hierarchy,parent=Physical and health conditions
Illness,Illness,hierarchy,parent=Physical and health conditions
Disease,Disease,hierarchy,parent=Physical and health conditions
Drunkenness (intoxication),Drunkenness (intoxication),hierarchy,parent=Physical and health conditions
Materials,Materials,hierarchy,parent=(new top-level facet)
Consumable materials,Consumable materials,hierarchy,parent=Materials
Alcoholic beverages,Alcoholic beverages,hierarchy,parent=Consumable materials
Beer,Beer,hierarchy,parent=Alcoholic beverages
Wine,Wine,hierarchy,parent=Alcoholic beverages
Spirits,Spirits,hierarchy,parent=Alcoholic beverages
Whisky,Whisky,hierarchy,parent=Spirits
Whiskey,Whisky,synonym,Alternative spelling of whisky (both spellings valid)
Rum,Rum,hierarchy,parent=Spirits
Brandy,Brandy,hierarchy,parent=Spirits
Gin,Gin,hierarchy,parent=Spirits
Mixed alcoholic beverages,Mixed alcoholic beverages,hierarchy,parent=Alcoholic beverages
Grog,Grog,hierarchy,parent=Mixed alcoholic beverages
Health & Medicine,Health & Medicine,hierarchy,parent=(thematic grouping)
Medical professionals,Medical professionals,hierarchy,parent=Health & Medicine - THEMATIC
Health conditions,Health conditions,hierarchy,parent=Health & Medicine - THEMATIC
Illness,Illness,hierarchy,parent=Health conditions - THEMATIC
Disease,Disease,hierarchy,parent=Health conditions - THEMATIC
Injury,Injury,hierarchy,parent=Health conditions - THEMATIC
Death,Death,hierarchy,parent=Health conditions - THEMATIC
Health-related events,Health-related events,hierarchy,parent=Health & Medicine - THEMATIC
Accident,Accident,hierarchy,parent=Health-related events - THEMATIC
Mining accidents,Mining accidents,hierarchy,parent=Health-related events - THEMATIC
Education,Education,hierarchy,parent=(thematic grouping)
Educational buildings,Educational buildings,hierarchy,parent=Education - THEMATIC
Sunday school,Sunday school,hierarchy,parent=Education - THEMATIC (religious education)
Religion,Religion,hierarchy,parent=(thematic grouping)
Religious organizations,Religious organizations,hierarchy,parent=Religion - THEMATIC
Religious buildings,Religious buildings,hierarchy,parent=Religion - THEMATIC
Clergy,Clergy,hierarchy,parent=Religion - THEMATIC
Cardinal Moran,Cardinal Moran,hierarchy,parent=Religion - THEMATIC (religious figure)
Justice & Crime,Justice & Crime,hierarchy,parent=(thematic grouping)
Courts,Courts,hierarchy,parent=Justice & Crime - THEMATIC
Court buildings,Court buildings,hierarchy,parent=Justice & Crime - THEMATIC
Legal events,Legal events,hierarchy,parent=Justice & Crime - THEMATIC
Law enforcement,Law enforcement,hierarchy,parent=Justice & Crime - THEMATIC
Police station,Police station,hierarchy,parent=Justice & Crime - THEMATIC
Legal officials,Legal officials,hierarchy,parent=Justice & Crime - THEMATIC
Crimes,Crimes,hierarchy,parent=Justice & Crime - THEMATIC
Violent crimes,Violent crimes,hierarchy,parent=Crimes - THEMATIC
Assault,Assault,hierarchy,parent=Violent crimes - THEMATIC
Fighting,Fighting,hierarchy,parent=Violent crimes - THEMATIC
Rape,Rape,hierarchy,parent=Violent crimes - THEMATIC
Sexual violence,Sexual violence,hierarchy,parent=Violent crimes - THEMATIC
Property crimes,Property crimes,hierarchy,parent=Crimes - THEMATIC
Theft,Theft,hierarchy,parent=Property crimes - THEMATIC
Social order offences,Social order offences,hierarchy,parent=Crimes - THEMATIC
Drunkenness (crime),Drunkenness (crime),hierarchy,parent=Social order offences - THEMATIC
Gambling,Gambling,hierarchy,parent=Social order offences - THEMATIC
Desertion,Desertion,hierarchy,parent=Social order offences - THEMATIC
Other crimes,Other crimes,hierarchy,parent=Crimes - THEMATIC
Bigamy,Bigamy,hierarchy,parent=Other crimes - THEMATIC
Victims of crime & violence,Victims of crime & violence,hierarchy,parent=Justice & Crime - THEMATIC (virtual grouping)
Widows,Widows,hierarchy,parent=Victims of crime & violence - THEMATIC
Legal outcomes,Legal outcomes,hierarchy,parent=Justice & Crime - THEMATIC
Divorce,Divorce,hierarchy,parent=Legal outcomes - THEMATIC
Bankruptcy,Bankruptcy,hierarchy,parent=Legal outcomes - THEMATIC
Mining & Industry,Mining & Industry,hierarchy,parent=(thematic grouping)
Mining companies,Mining companies,hierarchy,parent=Mining & Industry - THEMATIC
Mines & mining districts,Mines & mining districts,hierarchy,parent=Mining & Industry - THEMATIC
Shale mines,Shale mines,hierarchy,parent=Mines & mining districts - THEMATIC
Coal mining,Coal mining,hierarchy,parent=Mines & mining districts - THEMATIC
Mining workforce,Mining workforce,hierarchy,parent=Mining & Industry - THEMATIC
Miners,Miners,hierarchy,parent=Mining workforce - THEMATIC
Miners' families,Miners' families,hierarchy,parent=Mining workforce - THEMATIC
Miners' dwellings,Miners' dwellings,hierarchy,parent=Mining workforce - THEMATIC
Mining activities,Mining activities,hierarchy,parent=Mining & Industry - THEMATIC
Mining,Mining,hierarchy,parent=Mining activities - THEMATIC
Mine closure,Mine closure,hierarchy,parent=Mining activities - THEMATIC
Recreation for miners,Recreation for miners,hierarchy,parent=Mining activities - THEMATIC
Mining infrastructure,Mining infrastructure,hierarchy,parent=Mining & Industry - THEMATIC
Mining settlements,Mining settlements,hierarchy,parent=Mining & Industry - THEMATIC
Middle camp,Middle camp,hierarchy,parent=Mining settlements - THEMATIC
Mining incidents,Mining incidents,hierarchy,parent=Mining & Industry - THEMATIC
Mining accidents,Mining accidents,hierarchy,parent=Mining incidents - THEMATIC
Accident,Accident,hierarchy,parent=Mining incidents - THEMATIC
Alcohol & Temperance,Alcohol & Temperance,hierarchy,parent=(thematic grouping)
Alcohol-related venues,Alcohol-related venues,hierarchy,parent=Alcohol & Temperance - THEMATIC
Hotels,Hotels,hierarchy,parent=Alcohol-related venues - THEMATIC
Public houses,Public houses,hierarchy,parent=Alcohol-related venues - THEMATIC
Temperance organizations & movements,Temperance organizations & movements,hierarchy,parent=Alcohol & Temperance - THEMATIC
Good Templars,Good Templars,hierarchy,parent=Temperance organizations & movements - THEMATIC
Temperance,Temperance,hierarchy,parent=Temperance organizations & movements - THEMATIC
Alcohol consumption & behaviour,Alcohol consumption & behaviour,hierarchy,parent=Alcohol & Temperance - THEMATIC
Alcoholic beverages,Alcoholic beverages,hierarchy,parent=Alcohol consumption & behaviour - THEMATIC
Drinking (alcohol),Drinking (alcohol),hierarchy,parent=Alcohol consumption & behaviour - THEMATIC
Drunkenness (crime),Drunkenness (crime),hierarchy,parent=Alcohol consumption & behaviour - THEMATIC
Drunkenness (intoxication),Drunkenness (intoxication),hierarchy,parent=Alcohol consumption & behaviour - THEMATIC
Licensing & regulation,Licensing & regulation,hierarchy,parent=Alcohol & Temperance - THEMATIC
Licensing,Licensing,hierarchy,parent=Licensing & regulation - THEMATIC
Licensing Act,Licensing Act,hierarchy,parent=Licensing & regulation - THEMATIC
Licensing Court,Licensing Court,hierarchy,parent=Licensing & regulation - THEMATIC
Licensing inspector,Licensing inspector,hierarchy,parent=Licensing & regulation - THEMATIC
Publican's License,Publican's License,hierarchy,parent=Licensing & regulation - THEMATIC
Hospitality workers,Hospitality workers,hierarchy,parent=Alcohol & Temperance - THEMATIC
Sport & Recreation,Sport & Recreation,hierarchy,parent=(thematic grouping)
Sporting events,Sporting events,hierarchy,parent=Sport & Recreation - THEMATIC
Sports clubs,Sports clubs,hierarchy,parent=Sport & Recreation - THEMATIC
Recreation themes,Recreation themes,hierarchy,parent=Sport & Recreation - THEMATIC
Recreation for miners,Recreation for miners,hierarchy,parent=Recreation themes - THEMATIC
Sports,Sports,hierarchy,parent=Recreation themes - THEMATIC
Reserves,Reserves,hierarchy,parent=Recreation themes - THEMATIC (recreational lands)
Arts & Culture,Arts & Culture,hierarchy,parent=(thematic grouping)
Cultural organizations,Cultural organizations,hierarchy,parent=Arts & Culture - THEMATIC
Cultural venues,Cultural venues,hierarchy,parent=Arts & Culture - THEMATIC
Halls,Halls,hierarchy,parent=Cultural venues - THEMATIC
Cultural events,Cultural events,hierarchy,parent=Arts & Culture - THEMATIC
Cultural activities,Cultural activities,hierarchy,parent=Arts & Culture - THEMATIC
Advertising,Advertising,hierarchy,parent=Cultural activities - THEMATIC
Community institutions,Community institutions,hierarchy,parent=(thematic grouping)
Civic organizations,Civic organizations,hierarchy,parent=Community institutions - THEMATIC
Civic buildings,Civic buildings,hierarchy,parent=Community institutions - THEMATIC
Fraternal orders & lodges,Fraternal orders & lodges,hierarchy,parent=Community institutions - THEMATIC
Cultural & recreational organizations,Cultural & recreational organizations,hierarchy,parent=Community institutions - THEMATIC
Community buildings,Community buildings,hierarchy,parent=Community institutions - THEMATIC
Social issues,Social issues,hierarchy,parent=(thematic grouping)
Economic hardship,Economic hardship,hierarchy,parent=Social issues - THEMATIC
Unemployment,Unemployment,hierarchy,parent=Economic hardship - THEMATIC
Unemployment relief,Unemployment relief,hierarchy,parent=Economic hardship - THEMATIC
Charity,Charity,hierarchy,parent=Economic hardship - THEMATIC
Bankruptcy,Bankruptcy,hierarchy,parent=Economic hardship - THEMATIC
Vulnerable populations,Vulnerable populations,hierarchy,parent=Social issues - THEMATIC
Widows,Widows,hierarchy,parent=Vulnerable populations - THEMATIC
Miners' families,Miners' families,hierarchy,parent=Vulnerable populations - THEMATIC
Children,Children,hierarchy,parent=Vulnerable populations - THEMATIC
Victims of crime & violence,Victims of crime & violence,hierarchy,parent=Social issues - THEMATIC (virtual grouping)
Race & Ethnicity,Race & Ethnicity,hierarchy,parent=(thematic grouping)
Marginalised groups,Marginalised groups,hierarchy,parent=Race & Ethnicity - THEMATIC
Indigenous peoples,Indigenous peoples,hierarchy,parent=Marginalised groups - THEMATIC
Aboriginal people,Aboriginal people,hierarchy,parent=Indigenous peoples - THEMATIC
Corroboree,Corroboree,hierarchy,parent=Indigenous peoples - THEMATIC
Aborigines' Protection Board,Aborigines' Protection Board,hierarchy,parent=Indigenous peoples - THEMATIC
Chinese community,Chinese community,hierarchy,parent=Marginalised groups - THEMATIC
Chinese people,Chinese people,hierarchy,parent=Chinese community - THEMATIC
Racial stereotyping & performance,Racial stereotyping & performance,hierarchy,parent=Race & Ethnicity - THEMATIC
Minstrel shows,Minstrel shows,hierarchy,parent=Racial stereotyping & performance - THEMATIC
Katoomba Amateur Minstrels,Katoomba Amateur Minstrels,hierarchy,parent=Minstrel shows - THEMATIC
Cultural identity & heritage,Cultural identity & heritage,hierarchy,parent=Race & Ethnicity - THEMATIC
Reference to the Irish or Irish culture,Reference to the Irish or Irish culture,hierarchy,parent=Cultural identity & heritage - THEMATIC
Women & Gender,Women & Gender,hierarchy,parent=(thematic grouping)
Women as demographic group,Women as demographic group,hierarchy,parent=Women & Gender - THEMATIC
Women,Women,hierarchy,parent=Women as demographic group - THEMATIC
Girls' cricket,Girls' cricket,hierarchy,parent=Women as demographic group - THEMATIC
Gender-related vulnerabilities,Gender-related vulnerabilities,hierarchy,parent=Women & Gender - THEMATIC
Widows,Widows,hierarchy,parent=Gender-related vulnerabilities - THEMATIC
Sexual violence,Sexual violence,hierarchy,parent=Gender-related vulnerabilities - THEMATIC
Rape,Rape,hierarchy,parent=Gender-related vulnerabilities - THEMATIC
Family & Domestic Life,Family & Domestic Life,hierarchy,parent=(thematic grouping)
Families,Families,hierarchy,parent=Family & Domestic Life - THEMATIC (all family tags)
Miners' families,Miners' families,hierarchy,parent=Families - THEMATIC
Family members by demographic,Family members by demographic,hierarchy,parent=Family & Domestic Life - THEMATIC
Women,Women,hierarchy,parent=Family members by demographic - THEMATIC
Men,Men,hierarchy,parent=Family members by demographic - THEMATIC
Children,Children,hierarchy,parent=Family members by demographic - THEMATIC
Widows,Widows,hierarchy,parent=Family members by demographic - THEMATIC
Life events,Life events,hierarchy,parent=Family & Domestic Life - THEMATIC
Domestic accommodation,Domestic accommodation,hierarchy,parent=Family & Domestic Life - THEMATIC
Miners' dwellings,Miners' dwellings,hierarchy,parent=Domestic accommodation - THEMATIC
Boarding houses,Boarding houses,hierarchy,parent=Domestic accommodation - THEMATIC
Hotels,Hotels,hierarchy,parent=Domestic accommodation - THEMATIC (residential aspect)
Economy & Labour,Economy & Labour,hierarchy,parent=(thematic grouping)
Industries,Industries,hierarchy,parent=Economy & Labour - THEMATIC
Mining,Mining,hierarchy,parent=Industries - THEMATIC
Tourism,Tourism,hierarchy,parent=Industries - THEMATIC
Businesses,Businesses,hierarchy,parent=Economy & Labour - THEMATIC
Commercial businesses,Commercial businesses,hierarchy,parent=Businesses - THEMATIC
Labour relations,Labour relations,hierarchy,parent=Economy & Labour - THEMATIC
Strike,Strike,hierarchy,parent=Labour relations - THEMATIC
Unions,Unions,hierarchy,parent=Labour relations - THEMATIC
Workforce,Workforce,hierarchy,parent=Economy & Labour - THEMATIC
Miners,Miners,hierarchy,parent=Workforce - THEMATIC
Economic distress,Economic distress,hierarchy,parent=Economy & Labour - THEMATIC
Unemployment,Unemployment,hierarchy,parent=Economic distress - THEMATIC
Unemployment relief,Unemployment relief,hierarchy,parent=Economic distress - THEMATIC
Bankruptcy,Bankruptcy,hierarchy,parent=Economic distress - THEMATIC
Transport & Infrastructure,Transport & Infrastructure,hierarchy,parent=(thematic grouping)
Railway,Railway,hierarchy,parent=Transport & Infrastructure - THEMATIC
Roads,Roads,hierarchy,parent=Transport & Infrastructure - THEMATIC
Mining transport,Mining transport,hierarchy,parent=Transport & Infrastructure - THEMATIC
Tramway,Tramway,hierarchy,parent=Mining transport - THEMATIC
Commercial transport,Commercial transport,hierarchy,parent=Transport & Infrastructure - THEMATIC
Trucking,Trucking,hierarchy,parent=Commercial transport - THEMATIC
Utilities,Utilities,hierarchy,parent=Transport & Infrastructure - THEMATIC
Tourism & Accommodation,Tourism & Accommodation,hierarchy,parent=(thematic grouping)
Tourism activities,Tourism activities,hierarchy,parent=Tourism & Accommodation - THEMATIC
Tourism,Tourism,hierarchy,parent=Tourism activities - THEMATIC
Tourist trains,Tourist trains,hierarchy,parent=Tourism activities - THEMATIC
Accommodation,Accommodation,hierarchy,parent=Tourism & Accommodation - THEMATIC
Tourist attractions,Tourist attractions,hierarchy,parent=Tourism & Accommodation - THEMATIC
Waterfalls,Waterfalls,hierarchy,parent=Tourist attractions - THEMATIC
Jenolan Caves,Jenolan Caves,hierarchy,parent=Tourist attractions - THEMATIC
Natural features,Natural features,hierarchy,parent=Tourist attractions - THEMATIC
Politics & Governance,Politics & Governance,hierarchy,parent=(thematic grouping)
Government bodies,Government bodies,hierarchy,parent=Politics & Governance - THEMATIC
Political events,Political events,hierarchy,parent=Politics & Governance - THEMATIC
Public officials,Public officials,hierarchy,parent=Politics & Governance - THEMATIC
Military & War,Military & War,hierarchy,parent=(thematic grouping)
Military events,Military events,hierarchy,parent=Military & War - THEMATIC
World War I,World War I,hierarchy,parent=Military events - THEMATIC
Military personnel,Military personnel,hierarchy,parent=Military & War - THEMATIC
Military organizations,Military organizations,hierarchy,parent=Military & War - THEMATIC
Military,Military,hierarchy,parent=Military organizations - THEMATIC
Environment & Weather,Environment & Weather,hierarchy,parent=(thematic grouping)
Weather & climate,Weather & climate,hierarchy,parent=Environment & Weather - THEMATIC
Weather,Weather,hierarchy,parent=Weather & climate - THEMATIC
Natural features,Natural features,hierarchy,parent=Environment & Weather - THEMATIC
Animals,Animals,hierarchy,parent=Environment & Weather - THEMATIC
Natural resources,Natural resources,hierarchy,parent=Environment & Weather - THEMATIC
Coal,Coal,hierarchy,parent=Natural resources - THEMATIC
Shale mines,Shale mines,hierarchy,parent=Natural resources - THEMATIC
Communications & Postal Services,Communications & Postal Services,hierarchy,parent=(thematic grouping)
Postal services,Postal services,hierarchy,parent=Communications & Postal Services - THEMATIC
Post office,Post office,hierarchy,parent=Postal services - THEMATIC
Post,Post,hierarchy,parent=Postal services - THEMATIC
Advertising,Advertising,hierarchy,parent=Communications & Postal Services - THEMATIC
Information Forms,Information Forms,hierarchy,parent=Communications & Postal Services - THEMATIC
