fromuuid,touuid,parent.participatesverb
1000011618293880180,1000011618294479496,Parent Of
1000011618367571925,1000011618368543845,Parent Of
1000011618367571925,1000011618368616270,Parent Of
1000011618368954404,1000011618369413127,Parent Of
1000011618369979040,1000011618370120818,Parent Of
1000011618370717101,1000011618371135595,Parent Of
1000011618370717101,1000011618371150338,Parent Of
1000011618370717101,1000011618371173514,Parent Of
1000011618372073519,1000011618372101497,Parent Of
1000011618372073519,1000011618372208354,Parent Of
1000011618372073519,1000011618372275506,Parent Of
1000011618372655662,1000011618372791465,Parent Of
1000011618372655662,1000011618372851436,Parent Of
1000011618373498088,1000011618373665997,Parent Of
1000011618373498088,1000011618373678740,Parent Of
1000011618373498088,1000011618373692841,Parent Of
1000011618374081042,1000011618374290344,Parent Of
1000011618374081042,1000011618374295182,Parent Of
1000011618374081042,1000011618374313138,Parent Of
1000011618374541330,1000011618374925712,Parent Of
1000011618374541330,1000011618374951403,Parent Of
1000011663304063142,1000011663304730339,Parent Of
1000011663376395221,1000011663377324004,Parent Of
1000011663380917630,1000011663382259107,Parent Of
1000011663380917630,1000011663382300584,Parent Of
1000011663380917630,1000011663382329562,Parent Of
1000011663380917630,1000011663382366188,Parent Of
1000011663380917630,1000011663382387275,Parent Of
1000011663385962200,1000011663386192627,Parent Of
1000011663385962200,1000011663386205856,Parent Of
1000011663385962200,1000011663386234891,Parent Of
1000011663386535163,1000011663387072488,Parent Of
1000011663386535163,1000011663387081939,Parent Of
1000011663386535163,1000011663387108352,Parent Of
1000011663387311972,1000011663387418692,Parent Of
1000011663387311972,1000011663387426499,Parent Of
1000011663387642305,1000011663387825572,Parent Of
1000011663387642305,1000011663387835761,Parent Of
1000011663388187364,1000011663390294998,Parent Of
1000011663388187364,1000011663390375912,Parent Of
1000011663392082444,1000011663392416772,Parent Of
1000011663392082444,1000011663392425203,Parent Of
1000011663465220142,1000011663465630280,Parent Of
1000011663465220142,1000011663465666521,Parent Of
1000011663465220142,1000011663465714211,Parent Of
1000021593223906776,1000021593223953547,Parent Of
1000021593223906776,1000021593223992378,Parent Of
1000021593224081561,1000021593224144626,Parent Of
1000021593224081561,1000021593224170557,Parent Of
1000021593224193489,1000021593224231244,Parent Of
1000021593224193489,1000021593224249106,Parent Of
1000021593225159899,1000021593225218572,Parent Of
1000021593225159899,1000021593225272586,Parent Of
1000021593225159899,1000021593225349226,Parent Of
1000021593225512661,1000021593225556513,Parent Of
1000021593225512661,1000021593225572588,Parent Of
1000021593225615355,1000021593225661897,Parent Of
1000021593225615355,1000021593225671966,Parent Of
1000021593235946922,1000021593236085138,Parent Of
1000021593235946922,1000021593236127037,Parent Of
1000021593235946922,1000021593236160890,Parent Of
1000021593235946922,1000021593236210802,Parent Of
1000021593235946922,1000021593236231917,Parent Of
1000021593237302624,1000021593237566155,Parent Of
1000021593237302624,1000021593237644320,Parent Of
1000021593237302624,1000021593237651556,Parent Of
1000021593237302624,1000021593237799813,Parent Of
1000021593237302624,1000021593237891839,Parent Of
1000021593238264006,1000021593238316759,Parent Of
1000021593238264006,1000021593238388972,Parent Of
1000021593387586832,1000021593387830275,Parent Of
1000021593388068002,1000021593388113944,Parent Of
1000021593400289244,1000021593400389805,Parent Of
1000021593400289244,1000021593400402675,Parent Of
1000021593400289244,1000021593400424326,Parent Of
1000021618292574597,1000021618292800688,Parent Of
1000021618293866365,1000021618294478978,Parent Of
1000021618293871280,1000021618294477018,Parent Of
1000021618293871280,1000021618294532424,Parent Of
1000021618363448707,1000021618363832909,Parent Of
1000021618363448707,1000021618363899754,Parent Of
1000021618363448707,1000021618363979127,Parent Of
1000021618363448707,1000021618364837435,Parent Of
1000021618366247917,1000021618366474263,Parent Of
1000021618366704907,1000021618366827279,Parent Of
1000021618366704907,1000021618366905487,Parent Of
1000021618370949343,1000021618371346934,Parent Of
1000021618370949343,1000021618371355197,Parent Of
1000021618370949343,1000021618371379203,Parent Of
1000021618374457446,1000021618374537666,Parent Of
1000021618374457446,1000021618374549452,Parent Of
1000021618374457446,1000021618374615798,Parent Of
1000021618374457446,1000021618374822266,Parent Of
1000021618374457446,1000021618374866193,Parent Of
1000021618374457446,1000021618375053078,Parent Of
1000021618377995136,1000021618378066869,Parent Of
1000041593218362929,1000041593218827407,Parent Of
1000041593219573455,1000041593221824073,Parent Of
1000041593222787903,1000041593222878201,Parent Of
1000041593223531939,1000041593223549987,Parent Of
1000041593223787475,1000041593223896069,Parent Of
1000041593223787475,1000041593223930685,Parent Of
1000041593224082370,1000041593224155622,Parent Of
1000041593224193105,1000041593224231135,Parent Of
1000041593224193105,1000041593224259047,Parent Of
1000041593225501725,1000041593225568709,Parent Of
1000041593225501725,1000041593225586814,Parent Of
1000041593225625993,1000041593225731232,Parent Of
1000041593225625993,1000041593225758032,Parent Of
1000041593226819200,1000041593226900113,Parent Of
1000041593226819200,1000041593226925515,Parent Of
1000041593227002422,1000041593227124761,Parent Of
1000041593227002422,1000041593227136129,Parent Of
1000041593227421866,1000041593227447622,Parent Of
1000041593227421866,1000041593227463601,Parent Of
1000041593227495555,1000041593227526684,Parent Of
1000041593227495555,1000041593227535797,Parent Of
1000041593232607440,1000041593232637813,Parent Of
1000041593233007001,1000041593233345206,Parent Of
1000041593233663090,1000041593233894776,Parent Of
1000041593300342929,1000041593300583454,Parent Of
1000041593300342929,1000041593300702193,Parent Of
1000041593300342929,1000041593300735749,Parent Of
1000041593300342929,1000041593300759984,Parent Of
1000041593300342929,1000041593300775211,Parent Of
1000041593300342929,1000041593300803551,Parent Of
1000041593300342929,1000041593300821863,Parent Of
1000041593300583454,1000041593300609498,Parent Of
1000041593300583454,1000041593300656900,Parent Of
1000041593303205592,1000061593303386919,Parent Of
1000041593303205592,1000061593303397366,Parent Of
1000041593303205592,1000061593303440488,Parent Of
1000041593303205592,1000061593303461500,Parent Of
1000041593303205592,1000061593303498038,Parent Of
1000041593303205592,1000061593303577404,Parent Of
1000041593303205592,1000061593303634562,Parent Of
1000041593305213787,1000041593305251675,Parent Of
1000041593305448247,1000041593305483804,Parent Of
1000041593305568992,1000041593305632186,Parent Of
1000041593305698851,1000041593305806843,Parent Of
1000041593305698851,1000041593305845964,Parent Of
1000041593306633579,1000041593306692324,Parent Of
1000041593306930375,1000041593307122897,Parent Of
1000041593308585222,1000041593313379985,Parent Of
1000041593308585222,1000041593313524767,Parent Of
1000041593308585222,1000041593313538562,Parent Of
1000041593308585222,1000041593313558159,Parent Of
1000041593308585222,1000041593313593176,Parent Of
1000041593309872896,1000041593310433275,Parent Of
1000041593309872896,1000041593310442584,Parent Of
1000041593315130494,1000041593315686345,Parent Of
1000041593315130494,1000041593315722437,Parent Of
1000041593315130494,1000041593315835019,Parent Of
1000041593315130494,1000041593315906240,Parent Of
1000041593315130494,1000041593315936911,Parent Of
1000041593318801487,1000041593318981131,Parent Of
1000041593318801487,1000041593319003854,Parent Of
1000041593318801487,1000041593319191777,Parent Of
1000041593321229208,1000041593321869759,Parent Of
1000041593321229208,1000041593322137860,Parent Of
1000041607125285822,1000041607125621584,Parent Of
1000041607125285822,1000041607125634727,Parent Of
1000041607125285822,1000041607125678802,Parent Of
1000041607125285822,1000041607125686970,Parent Of
1000041607125285822,1000041607125709488,Parent Of
1000041607127692222,1000041607128310967,Parent Of
1000041607127692222,1000041607128321499,Parent Of
1000041607127692222,1000041607128375191,Parent Of
1000041607127692222,1000041607128388918,Parent Of
1000041607127692222,1000041607128407720,Parent Of
1000041607127692222,1000041607128432614,Parent Of
1000041607128843899,1000041607129219422,Parent Of
1000041607128843899,1000041607129243261,Parent Of
1000041607128843899,1000041607129250654,Parent Of
1000041607128843899,1000041607129272789,Parent Of
1000041607128843899,1000041607129283591,Parent Of
1000041607128843899,1000041607129312342,Parent Of
1000041607129795155,1000041607129817137,Parent Of
1000041607129795155,1000041607129823331,Parent Of
1000041607129795155,1000041607129993302,Parent Of
1000041607130211294,1000041607130932675,Parent Of
1000041607130211294,1000041607130938592,Parent Of
1000041607131124249,1000041607131513067,Parent Of
1000041607131124249,1000041607131519247,Parent Of
1000041607213173316,1000051607214477182,Parent Of
1000041607213173316,1000051607214495710,Parent Of
1000041607213173316,1000051607214527794,Parent Of
1000041607213173316,1000051607214560444,Parent Of
1000041607213173316,1000051607214622882,Parent Of
1000041607213173316,1000051607214747876,Parent Of
1000041607213173316,1000051607214762420,Parent Of
1000041607213173316,1000051607214780828,Parent Of
1000041607213598935,1000041607214228293,Parent Of
1000041607213598935,1000041607214254731,Parent Of
1000041607213598935,1000041607214326854,Parent Of
1000041607213598935,1000041607214376122,Parent Of
1000041607213598935,1000041607214423756,Parent Of
1000041607213598935,1000041607214455062,Parent Of
1000041607213598935,1000041607214526035,Parent Of
1000041607217324259,1000041607217553303,Parent Of
1000041607217324259,1000041607217559511,Parent Of
1000041607217949087,1000041607218354686,Parent Of
1000041607217949087,1000041607218371182,Parent Of
1000041607217949087,1000041607218416266,Parent Of
1000041607217949087,1000041607218427969,Parent Of
1000041607217949087,1000041607218450637,Parent Of
1000041607217949087,1000041607218538344,Parent Of
1000041607217949087,1000041607218575845,Parent Of
1000041607220929501,1000041607220998509,Parent Of
1000041607220929501,1000041607221010662,Parent Of
1000041607220929501,1000041607221017342,Parent Of
1000041607221708666,1000041607221850406,Parent Of
1000041607223213828,1000041607223267956,Parent Of
1000041607223213828,1000041607223282745,Parent Of
1000051607213210829,1000051607215192375,Parent Of
1000051607213210829,1000051607215202463,Parent Of
1000051607213210829,1000051607215259740,Parent Of
1000051607215852164,1000051607215952404,Parent Of
1000051607215852164,1000051607215960993,Parent Of
1000051607215852164,1000051607215971719,Parent Of
1000051607216220712,1000051607216595412,Parent Of
1000051607216220712,1000051607216603708,Parent Of
1000051607216871844,1000051607217061271,Parent Of
1000051607216871844,1000051607217258187,Parent Of
1000051607216871844,1000051607217316969,Parent Of
1000051607216871844,1000051607217338453,Parent Of
1000051607216871844,1000051607217420391,Parent Of
1000051607216871844,1000051607217439125,Parent Of
1000051607216871844,1000051607217485998,Parent Of
1000051607216871844,1000051607217497372,Parent Of
1000051607217738417,1000051607218388901,Parent Of
1000051607217738417,1000051607218443467,Parent Of
1000051607217738417,1000051607218504932,Parent Of
1000051607218668060,1000051607218721685,Parent Of
1000061593216340516,1000061593216531161,Parent Of
1000061593216340516,1000061593216544458,Parent Of
1000061593216340516,1000061593216558686,Parent Of
1000061593218184097,1000061593218559175,Parent Of
1000061593218184097,1000061593218614116,Parent Of
1000061593218184097,1000061593218633067,Parent Of
1000061593219371466,1000061593219643538,Parent Of
1000061593220814328,1000061593221124605,Parent Of
1000061593220814328,1000061593221176570,Parent Of
1000061593220814328,1000061593221233605,Parent Of
1000061593220814328,1000061593221270519,Parent Of
1000061593220814328,1000061593221301668,Parent Of
1000061593222820641,1000061593223035769,Parent Of
1000061593222820641,1000061593223042565,Parent Of
1000061593222820641,1000061593223056600,Parent Of
1000061593222820641,1000061593223069662,Parent Of
1000061593222820641,1000061593223087817,Parent Of
1000061593223909919,1000071593224350537,Parent Of
1000061593223909919,1000071593224411348,Parent Of
1000061593223909919,1000071593224464405,Parent Of
1000061593223909919,1000071593224496265,Parent Of
1000061593223909919,1000071593224566807,Parent Of
1000061593304543052,1000061593304650253,Parent Of
1000061593304667534,1000061593304998022,Parent Of
1000061593304667534,1000061593305030874,Parent Of
1000061593386013215,1000061593386171104,Parent Of
1000061593386013215,1000061593386190552,Parent Of
1000061593386013215,1000061593386222755,Parent Of
1000061593386013215,1000061593386232710,Parent Of
1000061593386013215,1000061593386242611,Parent Of
1000061593386013215,1000061593386633103,Parent Of
1000061593386013215,1000061593386946118,Parent Of
1000061593386013215,1000061593386962655,Parent Of
1000061593389085703,1000061593389154781,Parent Of
1000061593389085703,1000061593389309624,Parent Of
1000061593390262867,1000061593390399867,Parent Of
1000061593390262867,1000061593390408359,Parent Of
1000061593392122752,1000061593392153384,Parent Of
1000061593392122752,1000061593392168954,Parent Of
1000061593392122752,1000061593392191276,Parent Of
1000061593392122752,1000061593392218338,Parent Of
1000061593392122752,1000061593392234716,Parent Of
1000061593392122752,1000061593392253401,Parent Of
1000061593393236458,1000061593393312678,Parent Of
1000061593393236458,1000061593393319602,Parent Of
1000061593393236458,1000061593393325462,Parent Of
1000061593393236458,1000061593393354738,Parent Of
1000061593393236458,1000061593393366862,Parent Of
1000061593393236458,1000061593393378648,Parent Of
1000061593394182148,1000061593394377061,Parent Of
1000061593394182148,1000061593394383923,Parent Of
1000061593394182148,1000061593394388516,Parent Of
1000061593394182148,1000061593394400739,Parent Of
1000061593394182148,1000061593394412420,Parent Of
1000061593394182148,1000061593395223108,Parent Of
1000061593394182148,1000061593395238752,Parent Of
1000061593395502392,1000061593395590023,Parent Of
1000061593395502392,1000061593395596880,Parent Of
1000061593395502392,1000061593395601903,Parent Of
1000061593395502392,1000061593395612482,Parent Of
1000061593395502392,1000061593395624183,Parent Of
1000061593396938933,1000061593396947186,Parent Of
1000061593396938933,1000061593396951881,Parent Of
1000061593396938933,1000061593396956815,Parent Of
1000061593396938933,1000061593396972273,Parent Of
1000061593396938933,1000061593396984779,Parent Of
1000061593396938933,1000061593396997767,Parent Of
1000061593396938933,1000061593397021115,Parent Of
1000061593399832552,1000061593400546856,Parent Of
1000061593399832552,1000061593400561832,Parent Of
1000061593400633923,1000061593400711562,Parent Of
1000061593400633923,1000061593400720763,Parent Of
1000061593400916984,1000061593402802662,Parent Of
1000061593400916984,1000061593402808062,Parent Of
1000061593400916984,1000061593402812857,Parent Of
1000061593400916984,1000061593402830545,Parent Of
1000061593400916984,1000061593403022586,Parent Of
1000061593400916984,1000061593403039743,Parent Of
1000061593400916984,1000061593403065967,Parent Of
1000061593400916984,1000061593403107205,Parent Of
1000061593403365302,1000061593403413036,Parent Of
1000061593403365302,1000061593403478082,Parent Of
1000061593403500350,1000061593403537944,Parent Of
1000061593403500350,1000061593403563744,Parent Of
1000061593403754697,1000061593403835605,Parent Of
1000061593403754697,1000061593403843807,Parent Of
1000061593405058557,1000061593405304557,Parent Of
1000061593405058557,1000061593405313198,Parent Of
1000061593405390205,1000061593405396531,Parent Of
1000061593405390205,1000061593405402341,Parent Of
1000061593405390205,1000061593405423950,Parent Of
1000061593405390205,1000061593405435549,Parent Of
1000061593405390205,1000061593405440805,Parent Of
1000061593405390205,1000061593405461928,Parent Of
1000061593405390205,1000061593405470837,Parent Of
1000061593405390205,1000061593405703880,Parent Of
1000061593405390205,1000061593405713730,Parent Of
1000061593406232752,1000061593406295954,Parent Of
1000061593406232752,1000061593406302389,Parent Of
1000061593406595876,1000061593407064159,Parent Of
1000061593406595876,1000061593407082721,Parent Of
1000061593406595876,1000061593407095204,Parent Of
1000061593406595876,1000061593407109368,Parent Of
1000061593406595876,1000061593407121828,Parent Of
1000061593406595876,1000061593407134069,Parent Of
1000061593406595876,1000061593407148186,Parent Of
1000061593407211202,1000061593407346100,Parent Of
1000061593407211202,1000061593407365705,Parent Of
1000061618445162035,1000061618446170240,Parent Of
1000061618445162035,1000061618446331188,Parent Of
1000061618445162035,1000061618446387418,Parent Of
1000061618445162035,1000061618446440111,Parent Of
1000061618445162035,1000061618446498615,Parent Of
1000061618446967355,1000061618447724225,Parent Of
1000061618446967355,1000061618447733606,Parent Of
1000061618449183545,1000061618450231114,Parent Of
1000061618449183545,1000061618450273044,Parent Of
1000061618449183545,1000061618450482225,Parent Of
1000061618449183545,1000061618450522582,Parent Of
1000061618449183545,1000061618450582382,Parent Of
1000071593223980185,1000071593226001758,Parent Of
1000071593223980185,1000071593226034543,Parent Of
1000071593223980185,1000071593226067345,Parent Of
1000071593223980185,1000071593226098667,Parent Of
1000071593223980185,1000071593226143635,Parent Of
1000071593224010331,1000071593227400636,Parent Of
1000071593224010331,1000071593227436581,Parent Of
1000071593224010331,1000071593227454542,Parent Of
1000071593224010331,1000071593227474370,Parent Of
1000071593224010331,1000071593227503123,Parent Of
1000071593231869648,1000071593232058799,Parent Of
1000071593231869648,1000071593232107467,Parent Of
1000071593231869648,1000071593232133418,Parent Of
1000071593231869648,1000071593232180736,Parent Of
1000071593231869648,1000071593232238589,Parent Of
1000071593232489630,1000071593232925943,Parent Of
1000071593232489630,1000071593233043701,Parent Of
1000071593232489630,1000071593233089166,Parent Of
1000071593232489630,1000071593233120982,Parent Of
1000071593232489630,1000071593233173923,Parent Of
1000071593234071331,1000071593235105296,Parent Of
1000071593234071331,1000071593235164792,Parent Of
1000071593234071331,1000071593235201956,Parent Of
1000071593234071331,1000071593235233054,Parent Of
1000071593234071331,1000071593235258550,Parent Of
1000071593234071331,1000071593235283194,Parent Of
1000071593234071331,1000071593235310048,Parent Of
1000071593234071331,1000071593235338614,Parent Of
1000071593236488208,1000071593236831928,Parent Of
1000071593236488208,1000071593236857643,Parent Of
1000071593237589264,1000071593238052976,Parent Of
1000071593237589264,1000071593238090933,Parent Of
1000071593237589264,1000071593238137967,Parent Of
1000071593237589264,1000071593238172523,Parent Of
1000071593237589264,1000071593238218641,Parent Of
1000071593299852642,1000071593300476490,Parent Of
1000071593299852642,1000071593300533832,Parent Of
1000071593299852642,1000071593300557972,Parent Of
1000071593299852642,1000071593300581956,Parent Of
1000071593299852642,1000071593300610113,Parent Of
1000071593302700043,1000071593303161611,Parent Of
1000071593302700043,1000071593303194958,Parent Of
1000071593302700043,1000071593303213377,Parent Of
1000071593302700043,1000071593303234637,Parent Of
1000071593302700043,1000071593303268745,Parent Of
1000071593305837701,1000071593306015159,Parent Of
1000071593305837701,1000071593306046943,Parent Of
1000071593305837701,1000071593306133954,Parent Of
1000071593305837701,1000071593306177659,Parent Of
1000071593305837701,1000071593306195315,Parent Of
1000071593307093336,1000071593308266567,Parent Of
1000071593307093336,1000071593308281869,Parent Of
1000071593307093336,1000071593308325341,Parent Of
1000071593307093336,1000071593308358545,Parent Of
1000071593307093336,1000071593308394134,Parent Of
1000071593321144011,1000071593321871366,Parent Of
1000071593321144011,1000071593321889020,Parent Of
1000071593321144011,1000071593321919745,Parent Of
1000081618449854554,1000081618450000071,Parent Of
1000081618449854554,1000081618450026558,Parent Of
1000081618449854554,1000081618450054206,Parent Of
1000081618449854554,1000081618450114463,Parent Of
1000081618450761117,1000081618451083672,Parent Of
1000081618450761117,1000081618451247275,Parent Of
1000081618450761117,1000081618451277876,Parent Of
1000081618450761117,1000081618451362660,Parent Of
1000081618450761117,1000081618451420198,Parent Of
1000081618451755731,1000081618455933172,Parent Of
1000081618451755731,1000081618455962426,Parent Of
1000081618456094866,1000081618456315658,Parent Of
1000081618456094866,1000081618456328064,Parent Of
1000081618456094866,1000081618456352139,Parent Of
1000081618456094866,1000081618456384922,Parent Of
1000081618456708199,1000081618458425396,Parent Of
1000081618456708199,1000081618458434466,Parent Of
1000081618456708199,1000081618458501970,Parent Of
1000081618456708199,1000081618458575741,Parent Of
1000081618459073921,1000081618459473084,Parent Of
1000081618459073921,1000081618459494082,Parent Of
1000081618459956502,1000081618460457169,Parent Of
1000081618459956502,1000081618460495167,Parent Of
1000081618459956502,1000081618460505715,Parent Of
1000081618459956502,1000081618460536728,Parent Of
1000081618462618727,1000081618462750691,Parent Of
1000081618462618727,1000081618462760243,Parent Of
1000081618462618727,1000081618462797729,Parent Of
1000081618462618727,1000081618462805424,Parent Of
1000081618462618727,1000081618462869317,Parent Of
1000081618463824581,1000081618463966670,Parent Of
1000081618463824581,1000081618463988060,Parent Of
1000081663466493234,1000081663466802750,Parent Of
1000081663466493234,1000081663466820312,Parent Of
1000091607221156026,1000091607221397945,Parent Of
1000091607221156026,1000091607221418793,Parent Of
1000091607221156026,1000091607221436508,Parent Of
1000091607221156026,1000091607221502482,Parent Of
1000091607221156026,1000091607221536983,Parent Of
1000091607221156026,1000091607221564492,Parent Of
1000091607221156026,1000091607221615987,Parent Of
1000091607221156026,1000091607221628597,Parent Of
1000091607221156026,1000091607221640110,Parent Of
1000091607221156026,1000091607221654901,Parent Of
1000091607221156026,1000091607221666383,Parent Of
1000091607221156026,1000091607221676676,Parent Of
1000091607221156026,1000091607221694622,Parent Of
1000091607221156026,1000091607221707767,Parent Of
1000091607221156026,1000091607221720466,Parent Of
1000091607221156026,1000091607222051192,Parent Of
1000091618455645734,1000091618456094978,Parent Of
1000091618455645734,1000091618456132958,Parent Of
1000091618455645734,1000091618456157083,Parent Of
1000091618455645734,1000091618456187384,Parent Of
1000091618456457617,1000091618456936553,Parent Of
1000091618458233150,1000091618458791468,Parent Of
1000091618458233150,1000091618458829581,Parent Of
1000091618462495518,1000091618462837163,Parent Of
1000091618462495518,1000091618462860960,Parent Of
1000091618462495518,1000091618462999330,Parent Of
1000091663379534958,1000091663379860470,Parent Of
1000091663379534958,1000091663379915104,Parent Of
1000091663379534958,1000091663379948303,Parent Of
1000091663381464023,1000091663381704146,Parent Of
1000091663381464023,1000091663381721141,Parent Of
1000091663381464023,1000091663381751081,Parent Of
1000091663381464023,1000091663381784332,Parent Of
1000091663381464023,1000091663381910923,Parent Of
1000091663382769570,1000091663383254405,Parent Of
1000091663382769570,1000091663383350839,Parent Of
1000091663382769570,1000091663383380063,Parent Of
1000111663387761031,1000111663388287373,Parent Of
1000111663388787819,1000111663389235306,Parent Of
1000111663472777420,1000111663475841570,Parent Of
1000111663472777420,1000111663475922787,Parent Of
1000111663472777420,1000111663475946856,Parent Of
1000111663472777420,1000111663475956561,Parent Of
1000111663472777420,1000111663475972954,Parent Of
1000111663472777420,1000111663475981948,Parent Of
1000111663472777420,1000111663476089312,Parent Of
1000111663476182232,1000111663476549607,Parent Of
1000111663476182232,1000111663476562110,Parent Of
1000111663476182232,1000111663476585158,Parent Of
1000111663476182232,1000111663476600674,Parent Of
1000111663548431897,1000111663549167173,Parent Of
1000111663548431897,1000111663549179282,Parent Of
1000111663548431897,1000111663549195723,Parent Of
1000111663548431897,1000111663549209975,Parent Of
1000111663548431897,1000111663549238473,Parent Of
1000111663548431897,1000111663549265458,Parent Of
1000111663548431897,1000111663549281625,Parent Of
1000111663551938319,1000111663552370994,Parent Of
1000111663552647313,1000111663552926508,Parent Of
1000111663552647313,1000111663552939989,Parent Of
1000111663552647313,1000111663552958078,Parent Of
1000111663552647313,1000111663553233720,Parent Of
1000111663552647313,1000111663553263308,Parent Of
1000111663552647313,1000111663553324745,Parent Of
1000111663552647313,1000111663553345013,Parent Of
1000111663554014349,1000111663554586979,Parent Of
1000111663554014349,1000111663554604107,Parent Of
1000111663554014349,1000111663554633031,Parent Of
1000111663554014349,1000111663554657357,Parent Of
1000111663554014349,1000111663554720089,Parent Of
1000111663554014349,1000111663554767228,Parent Of
1000111663554014349,1000111663554801714,Parent Of
1000111663554014349,1000111663554825782,Parent Of
1000111663555289395,1000111663555830165,Parent Of
1000111663555289395,1000111663555888259,Parent Of
1000111663555289395,1000111663555900830,Parent Of
1000111663555289395,1000111663555920905,Parent Of
1000111663555289395,1000111663555949127,Parent Of
1000111663555289395,1000111663555982567,Parent Of
1000011618294479496,1000011618293880180,Child Of
1000011618368543845,1000011618367571925,Child Of
1000011618368616270,1000011618367571925,Child Of
1000011618369413127,1000011618368954404,Child Of
1000011618370120818,1000011618369979040,Child Of
1000011618371135595,1000011618370717101,Child Of
1000011618371150338,1000011618370717101,Child Of
1000011618371173514,1000011618370717101,Child Of
1000011618372101497,1000011618372073519,Child Of
1000011618372208354,1000011618372073519,Child Of
1000011618372275506,1000011618372073519,Child Of
1000011618372791465,1000011618372655662,Child Of
1000011618372851436,1000011618372655662,Child Of
1000011618373665997,1000011618373498088,Child Of
1000011618373678740,1000011618373498088,Child Of
1000011618373692841,1000011618373498088,Child Of
1000011618374290344,1000011618374081042,Child Of
1000011618374295182,1000011618374081042,Child Of
1000011618374313138,1000011618374081042,Child Of
1000011618374925712,1000011618374541330,Child Of
1000011618374951403,1000011618374541330,Child Of
1000011663304730339,1000011663304063142,Child Of
1000011663377324004,1000011663376395221,Child Of
1000011663382259107,1000011663380917630,Child Of
1000011663382300584,1000011663380917630,Child Of
1000011663382329562,1000011663380917630,Child Of
1000011663382366188,1000011663380917630,Child Of
1000011663382387275,1000011663380917630,Child Of
1000011663386192627,1000011663385962200,Child Of
1000011663386205856,1000011663385962200,Child Of
1000011663386234891,1000011663385962200,Child Of
1000011663387072488,1000011663386535163,Child Of
1000011663387081939,1000011663386535163,Child Of
1000011663387108352,1000011663386535163,Child Of
1000011663387418692,1000011663387311972,Child Of
1000011663387426499,1000011663387311972,Child Of
1000011663387825572,1000011663387642305,Child Of
1000011663387835761,1000011663387642305,Child Of
1000011663390294998,1000011663388187364,Child Of
1000011663390375912,1000011663388187364,Child Of
1000011663392416772,1000011663392082444,Child Of
1000011663392425203,1000011663392082444,Child Of
1000011663465630280,1000011663465220142,Child Of
1000011663465666521,1000011663465220142,Child Of
1000011663465714211,1000011663465220142,Child Of
1000021593223953547,1000021593223906776,Child Of
1000021593223992378,1000021593223906776,Child Of
1000021593224144626,1000021593224081561,Child Of
1000021593224170557,1000021593224081561,Child Of
1000021593224231244,1000021593224193489,Child Of
1000021593224249106,1000021593224193489,Child Of
1000021593225218572,1000021593225159899,Child Of
1000021593225272586,1000021593225159899,Child Of
1000021593225349226,1000021593225159899,Child Of
1000021593225556513,1000021593225512661,Child Of
1000021593225572588,1000021593225512661,Child Of
1000021593225661897,1000021593225615355,Child Of
1000021593225671966,1000021593225615355,Child Of
1000021593236085138,1000021593235946922,Child Of
1000021593236127037,1000021593235946922,Child Of
1000021593236160890,1000021593235946922,Child Of
1000021593236210802,1000021593235946922,Child Of
1000021593236231917,1000021593235946922,Child Of
1000021593237566155,1000021593237302624,Child Of
1000021593237644320,1000021593237302624,Child Of
1000021593237651556,1000021593237302624,Child Of
1000021593237799813,1000021593237302624,Child Of
1000021593237891839,1000021593237302624,Child Of
1000021593238316759,1000021593238264006,Child Of
1000021593238388972,1000021593238264006,Child Of
1000021593387830275,1000021593387586832,Child Of
1000021593388113944,1000021593388068002,Child Of
1000021593400389805,1000021593400289244,Child Of
1000021593400402675,1000021593400289244,Child Of
1000021593400424326,1000021593400289244,Child Of
1000021618292800688,1000021618292574597,Child Of
1000021618294477018,1000021618293871280,Child Of
1000021618294478978,1000021618293866365,Child Of
1000021618294532424,1000021618293871280,Child Of
1000021618363832909,1000021618363448707,Child Of
1000021618363899754,1000021618363448707,Child Of
1000021618363979127,1000021618363448707,Child Of
1000021618364837435,1000021618363448707,Child Of
1000021618366474263,1000021618366247917,Child Of
1000021618366827279,1000021618366704907,Child Of
1000021618366905487,1000021618366704907,Child Of
1000021618371346934,1000021618370949343,Child Of
1000021618371355197,1000021618370949343,Child Of
1000021618371379203,1000021618370949343,Child Of
1000021618374537666,1000021618374457446,Child Of
1000021618374549452,1000021618374457446,Child Of
1000021618374615798,1000021618374457446,Child Of
1000021618374822266,1000021618374457446,Child Of
1000021618374866193,1000021618374457446,Child Of
1000021618375053078,1000021618374457446,Child Of
1000021618378066869,1000021618377995136,Child Of
1000041593218827407,1000041593218362929,Child Of
1000041593221824073,1000041593219573455,Child Of
1000041593222878201,1000041593222787903,Child Of
1000041593223549987,1000041593223531939,Child Of
1000041593223896069,1000041593223787475,Child Of
1000041593223930685,1000041593223787475,Child Of
1000041593224155622,1000041593224082370,Child Of
1000041593224231135,1000041593224193105,Child Of
1000041593224259047,1000041593224193105,Child Of
1000041593225568709,1000041593225501725,Child Of
1000041593225586814,1000041593225501725,Child Of
1000041593225731232,1000041593225625993,Child Of
1000041593225758032,1000041593225625993,Child Of
1000041593226900113,1000041593226819200,Child Of
1000041593226925515,1000041593226819200,Child Of
1000041593227124761,1000041593227002422,Child Of
1000041593227136129,1000041593227002422,Child Of
1000041593227447622,1000041593227421866,Child Of
1000041593227463601,1000041593227421866,Child Of
1000041593227526684,1000041593227495555,Child Of
1000041593227535797,1000041593227495555,Child Of
1000041593232637813,1000041593232607440,Child Of
1000041593233345206,1000041593233007001,Child Of
1000041593233894776,1000041593233663090,Child Of
1000041593300583454,1000041593300342929,Child Of
1000041593300609498,1000041593300583454,Child Of
1000041593300656900,1000041593300583454,Child Of
1000041593300702193,1000041593300342929,Child Of
1000041593300735749,1000041593300342929,Child Of
1000041593300759984,1000041593300342929,Child Of
1000041593300775211,1000041593300342929,Child Of
1000041593300803551,1000041593300342929,Child Of
1000041593300821863,1000041593300342929,Child Of
1000041593305251675,1000041593305213787,Child Of
1000041593305483804,1000041593305448247,Child Of
1000041593305632186,1000041593305568992,Child Of
1000041593305806843,1000041593305698851,Child Of
1000041593305845964,1000041593305698851,Child Of
1000041593306692324,1000041593306633579,Child Of
1000041593307122897,1000041593306930375,Child Of
1000041593310433275,1000041593309872896,Child Of
1000041593310442584,1000041593309872896,Child Of
1000041593313379985,1000041593308585222,Child Of
1000041593313524767,1000041593308585222,Child Of
1000041593313538562,1000041593308585222,Child Of
1000041593313558159,1000041593308585222,Child Of
1000041593313593176,1000041593308585222,Child Of
1000041593315686345,1000041593315130494,Child Of
1000041593315722437,1000041593315130494,Child Of
1000041593315835019,1000041593315130494,Child Of
1000041593315906240,1000041593315130494,Child Of
1000041593315936911,1000041593315130494,Child Of
1000041593318981131,1000041593318801487,Child Of
1000041593319003854,1000041593318801487,Child Of
1000041593319191777,1000041593318801487,Child Of
1000041593321869759,1000041593321229208,Child Of
1000041593322137860,1000041593321229208,Child Of
1000041607125621584,1000041607125285822,Child Of
1000041607125634727,1000041607125285822,Child Of
1000041607125678802,1000041607125285822,Child Of
1000041607125686970,1000041607125285822,Child Of
1000041607125709488,1000041607125285822,Child Of
1000041607128310967,1000041607127692222,Child Of
1000041607128321499,1000041607127692222,Child Of
1000041607128375191,1000041607127692222,Child Of
1000041607128388918,1000041607127692222,Child Of
1000041607128407720,1000041607127692222,Child Of
1000041607128432614,1000041607127692222,Child Of
1000041607129219422,1000041607128843899,Child Of
1000041607129243261,1000041607128843899,Child Of
1000041607129250654,1000041607128843899,Child Of
1000041607129272789,1000041607128843899,Child Of
1000041607129283591,1000041607128843899,Child Of
1000041607129312342,1000041607128843899,Child Of
1000041607129817137,1000041607129795155,Child Of
1000041607129823331,1000041607129795155,Child Of
1000041607129993302,1000041607129795155,Child Of
1000041607130932675,1000041607130211294,Child Of
1000041607130938592,1000041607130211294,Child Of
1000041607131513067,1000041607131124249,Child Of
1000041607131519247,1000041607131124249,Child Of
1000041607214228293,1000041607213598935,Child Of
1000041607214254731,1000041607213598935,Child Of
1000041607214326854,1000041607213598935,Child Of
1000041607214376122,1000041607213598935,Child Of
1000041607214423756,1000041607213598935,Child Of
1000041607214455062,1000041607213598935,Child Of
1000041607214526035,1000041607213598935,Child Of
1000041607217553303,1000041607217324259,Child Of
1000041607217559511,1000041607217324259,Child Of
1000041607218354686,1000041607217949087,Child Of
1000041607218371182,1000041607217949087,Child Of
1000041607218416266,1000041607217949087,Child Of
1000041607218427969,1000041607217949087,Child Of
1000041607218450637,1000041607217949087,Child Of
1000041607218538344,1000041607217949087,Child Of
1000041607218575845,1000041607217949087,Child Of
1000041607220998509,1000041607220929501,Child Of
1000041607221010662,1000041607220929501,Child Of
1000041607221017342,1000041607220929501,Child Of
1000041607221850406,1000041607221708666,Child Of
1000041607223267956,1000041607223213828,Child Of
1000041607223282745,1000041607223213828,Child Of
1000051607214477182,1000041607213173316,Child Of
1000051607214495710,1000041607213173316,Child Of
1000051607214527794,1000041607213173316,Child Of
1000051607214560444,1000041607213173316,Child Of
1000051607214622882,1000041607213173316,Child Of
1000051607214747876,1000041607213173316,Child Of
1000051607214762420,1000041607213173316,Child Of
1000051607214780828,1000041607213173316,Child Of
1000051607215192375,1000051607213210829,Child Of
1000051607215202463,1000051607213210829,Child Of
1000051607215259740,1000051607213210829,Child Of
1000051607215952404,1000051607215852164,Child Of
1000051607215960993,1000051607215852164,Child Of
1000051607215971719,1000051607215852164,Child Of
1000051607216595412,1000051607216220712,Child Of
1000051607216603708,1000051607216220712,Child Of
1000051607217061271,1000051607216871844,Child Of
1000051607217258187,1000051607216871844,Child Of
1000051607217316969,1000051607216871844,Child Of
1000051607217338453,1000051607216871844,Child Of
1000051607217420391,1000051607216871844,Child Of
1000051607217439125,1000051607216871844,Child Of
1000051607217485998,1000051607216871844,Child Of
1000051607217497372,1000051607216871844,Child Of
1000051607218388901,1000051607217738417,Child Of
1000051607218443467,1000051607217738417,Child Of
1000051607218504932,1000051607217738417,Child Of
1000051607218721685,1000051607218668060,Child Of
1000061593216531161,1000061593216340516,Child Of
1000061593216544458,1000061593216340516,Child Of
1000061593216558686,1000061593216340516,Child Of
1000061593218559175,1000061593218184097,Child Of
1000061593218614116,1000061593218184097,Child Of
1000061593218633067,1000061593218184097,Child Of
1000061593219643538,1000061593219371466,Child Of
1000061593221124605,1000061593220814328,Child Of
1000061593221176570,1000061593220814328,Child Of
1000061593221233605,1000061593220814328,Child Of
1000061593221270519,1000061593220814328,Child Of
1000061593221301668,1000061593220814328,Child Of
1000061593223035769,1000061593222820641,Child Of
1000061593223042565,1000061593222820641,Child Of
1000061593223056600,1000061593222820641,Child Of
1000061593223069662,1000061593222820641,Child Of
1000061593223087817,1000061593222820641,Child Of
1000061593303386919,1000041593303205592,Child Of
1000061593303397366,1000041593303205592,Child Of
1000061593303440488,1000041593303205592,Child Of
1000061593303461500,1000041593303205592,Child Of
1000061593303498038,1000041593303205592,Child Of
1000061593303577404,1000041593303205592,Child Of
1000061593303634562,1000041593303205592,Child Of
1000061593304650253,1000061593304543052,Child Of
1000061593304998022,1000061593304667534,Child Of
1000061593305030874,1000061593304667534,Child Of
1000061593386171104,1000061593386013215,Child Of
1000061593386190552,1000061593386013215,Child Of
1000061593386222755,1000061593386013215,Child Of
1000061593386232710,1000061593386013215,Child Of
1000061593386242611,1000061593386013215,Child Of
1000061593386633103,1000061593386013215,Child Of
1000061593386946118,1000061593386013215,Child Of
1000061593386962655,1000061593386013215,Child Of
1000061593389154781,1000061593389085703,Child Of
1000061593389309624,1000061593389085703,Child Of
1000061593390399867,1000061593390262867,Child Of
1000061593390408359,1000061593390262867,Child Of
1000061593392153384,1000061593392122752,Child Of
1000061593392168954,1000061593392122752,Child Of
1000061593392191276,1000061593392122752,Child Of
1000061593392218338,1000061593392122752,Child Of
1000061593392234716,1000061593392122752,Child Of
1000061593392253401,1000061593392122752,Child Of
1000061593393312678,1000061593393236458,Child Of
1000061593393319602,1000061593393236458,Child Of
1000061593393325462,1000061593393236458,Child Of
1000061593393354738,1000061593393236458,Child Of
1000061593393366862,1000061593393236458,Child Of
1000061593393378648,1000061593393236458,Child Of
1000061593394377061,1000061593394182148,Child Of
1000061593394383923,1000061593394182148,Child Of
1000061593394388516,1000061593394182148,Child Of
1000061593394400739,1000061593394182148,Child Of
1000061593394412420,1000061593394182148,Child Of
1000061593395223108,1000061593394182148,Child Of
1000061593395238752,1000061593394182148,Child Of
1000061593395590023,1000061593395502392,Child Of
1000061593395596880,1000061593395502392,Child Of
1000061593395601903,1000061593395502392,Child Of
1000061593395612482,1000061593395502392,Child Of
1000061593395624183,1000061593395502392,Child Of
1000061593396947186,1000061593396938933,Child Of
1000061593396951881,1000061593396938933,Child Of
1000061593396956815,1000061593396938933,Child Of
1000061593396972273,1000061593396938933,Child Of
1000061593396984779,1000061593396938933,Child Of
1000061593396997767,1000061593396938933,Child Of
1000061593397021115,1000061593396938933,Child Of
1000061593400546856,1000061593399832552,Child Of
1000061593400561832,1000061593399832552,Child Of
1000061593400711562,1000061593400633923,Child Of
1000061593400720763,1000061593400633923,Child Of
1000061593402802662,1000061593400916984,Child Of
1000061593402808062,1000061593400916984,Child Of
1000061593402812857,1000061593400916984,Child Of
1000061593402830545,1000061593400916984,Child Of
1000061593403022586,1000061593400916984,Child Of
1000061593403039743,1000061593400916984,Child Of
1000061593403065967,1000061593400916984,Child Of
1000061593403107205,1000061593400916984,Child Of
1000061593403413036,1000061593403365302,Child Of
1000061593403478082,1000061593403365302,Child Of
1000061593403537944,1000061593403500350,Child Of
1000061593403563744,1000061593403500350,Child Of
1000061593403835605,1000061593403754697,Child Of
1000061593403843807,1000061593403754697,Child Of
1000061593405304557,1000061593405058557,Child Of
1000061593405313198,1000061593405058557,Child Of
1000061593405396531,1000061593405390205,Child Of
1000061593405402341,1000061593405390205,Child Of
1000061593405423950,1000061593405390205,Child Of
1000061593405435549,1000061593405390205,Child Of
1000061593405440805,1000061593405390205,Child Of
1000061593405461928,1000061593405390205,Child Of
1000061593405470837,1000061593405390205,Child Of
1000061593405703880,1000061593405390205,Child Of
1000061593405713730,1000061593405390205,Child Of
1000061593406295954,1000061593406232752,Child Of
1000061593406302389,1000061593406232752,Child Of
1000061593407064159,1000061593406595876,Child Of
1000061593407082721,1000061593406595876,Child Of
1000061593407095204,1000061593406595876,Child Of
1000061593407109368,1000061593406595876,Child Of
1000061593407121828,1000061593406595876,Child Of
1000061593407134069,1000061593406595876,Child Of
1000061593407148186,1000061593406595876,Child Of
1000061593407346100,1000061593407211202,Child Of
1000061593407365705,1000061593407211202,Child Of
1000061618446170240,1000061618445162035,Child Of
1000061618446331188,1000061618445162035,Child Of
1000061618446387418,1000061618445162035,Child Of
1000061618446440111,1000061618445162035,Child Of
1000061618446498615,1000061618445162035,Child Of
1000061618447724225,1000061618446967355,Child Of
1000061618447733606,1000061618446967355,Child Of
1000061618450231114,1000061618449183545,Child Of
1000061618450273044,1000061618449183545,Child Of
1000061618450482225,1000061618449183545,Child Of
1000061618450522582,1000061618449183545,Child Of
1000061618450582382,1000061618449183545,Child Of
1000071593224350537,1000061593223909919,Child Of
1000071593224411348,1000061593223909919,Child Of
1000071593224464405,1000061593223909919,Child Of
1000071593224496265,1000061593223909919,Child Of
1000071593224566807,1000061593223909919,Child Of
1000071593226001758,1000071593223980185,Child Of
1000071593226034543,1000071593223980185,Child Of
1000071593226067345,1000071593223980185,Child Of
1000071593226098667,1000071593223980185,Child Of
1000071593226143635,1000071593223980185,Child Of
1000071593227400636,1000071593224010331,Child Of
1000071593227436581,1000071593224010331,Child Of
1000071593227454542,1000071593224010331,Child Of
1000071593227474370,1000071593224010331,Child Of
1000071593227503123,1000071593224010331,Child Of
1000071593232058799,1000071593231869648,Child Of
1000071593232107467,1000071593231869648,Child Of
1000071593232133418,1000071593231869648,Child Of
1000071593232180736,1000071593231869648,Child Of
1000071593232238589,1000071593231869648,Child Of
1000071593232925943,1000071593232489630,Child Of
1000071593233043701,1000071593232489630,Child Of
1000071593233089166,1000071593232489630,Child Of
1000071593233120982,1000071593232489630,Child Of
1000071593233173923,1000071593232489630,Child Of
1000071593235105296,1000071593234071331,Child Of
1000071593235164792,1000071593234071331,Child Of
1000071593235201956,1000071593234071331,Child Of
1000071593235233054,1000071593234071331,Child Of
1000071593235258550,1000071593234071331,Child Of
1000071593235283194,1000071593234071331,Child Of
1000071593235310048,1000071593234071331,Child Of
1000071593235338614,1000071593234071331,Child Of
1000071593236831928,1000071593236488208,Child Of
1000071593236857643,1000071593236488208,Child Of
1000071593238052976,1000071593237589264,Child Of
1000071593238090933,1000071593237589264,Child Of
1000071593238137967,1000071593237589264,Child Of
1000071593238172523,1000071593237589264,Child Of
1000071593238218641,1000071593237589264,Child Of
1000071593300476490,1000071593299852642,Child Of
1000071593300533832,1000071593299852642,Child Of
1000071593300557972,1000071593299852642,Child Of
1000071593300581956,1000071593299852642,Child Of
1000071593300610113,1000071593299852642,Child Of
1000071593303161611,1000071593302700043,Child Of
1000071593303194958,1000071593302700043,Child Of
1000071593303213377,1000071593302700043,Child Of
1000071593303234637,1000071593302700043,Child Of
1000071593303268745,1000071593302700043,Child Of
1000071593306015159,1000071593305837701,Child Of
1000071593306046943,1000071593305837701,Child Of
1000071593306133954,1000071593305837701,Child Of
1000071593306177659,1000071593305837701,Child Of
1000071593306195315,1000071593305837701,Child Of
1000071593308266567,1000071593307093336,Child Of
1000071593308281869,1000071593307093336,Child Of
1000071593308325341,1000071593307093336,Child Of
1000071593308358545,1000071593307093336,Child Of
1000071593308394134,1000071593307093336,Child Of
1000071593321871366,1000071593321144011,Child Of
1000071593321889020,1000071593321144011,Child Of
1000071593321919745,1000071593321144011,Child Of
1000081618450000071,1000081618449854554,Child Of
1000081618450026558,1000081618449854554,Child Of
1000081618450054206,1000081618449854554,Child Of
1000081618450114463,1000081618449854554,Child Of
1000081618451083672,1000081618450761117,Child Of
1000081618451247275,1000081618450761117,Child Of
1000081618451277876,1000081618450761117,Child Of
1000081618451362660,1000081618450761117,Child Of
1000081618451420198,1000081618450761117,Child Of
1000081618455933172,1000081618451755731,Child Of
1000081618455962426,1000081618451755731,Child Of
1000081618456315658,1000081618456094866,Child Of
1000081618456328064,1000081618456094866,Child Of
1000081618456352139,1000081618456094866,Child Of
1000081618456384922,1000081618456094866,Child Of
1000081618458425396,1000081618456708199,Child Of
1000081618458434466,1000081618456708199,Child Of
1000081618458501970,1000081618456708199,Child Of
1000081618458575741,1000081618456708199,Child Of
1000081618459473084,1000081618459073921,Child Of
1000081618459494082,1000081618459073921,Child Of
1000081618460457169,1000081618459956502,Child Of
1000081618460495167,1000081618459956502,Child Of
1000081618460505715,1000081618459956502,Child Of
1000081618460536728,1000081618459956502,Child Of
1000081618462750691,1000081618462618727,Child Of
1000081618462760243,1000081618462618727,Child Of
1000081618462797729,1000081618462618727,Child Of
1000081618462805424,1000081618462618727,Child Of
1000081618462869317,1000081618462618727,Child Of
1000081618463966670,1000081618463824581,Child Of
1000081618463988060,1000081618463824581,Child Of
1000081663466802750,1000081663466493234,Child Of
1000081663466820312,1000081663466493234,Child Of
1000091607221397945,1000091607221156026,Child Of
1000091607221418793,1000091607221156026,Child Of
1000091607221436508,1000091607221156026,Child Of
1000091607221502482,1000091607221156026,Child Of
1000091607221536983,1000091607221156026,Child Of
1000091607221564492,1000091607221156026,Child Of
1000091607221615987,1000091607221156026,Child Of
1000091607221628597,1000091607221156026,Child Of
1000091607221640110,1000091607221156026,Child Of
1000091607221654901,1000091607221156026,Child Of
1000091607221666383,1000091607221156026,Child Of
1000091607221676676,1000091607221156026,Child Of
1000091607221694622,1000091607221156026,Child Of
1000091607221707767,1000091607221156026,Child Of
1000091607221720466,1000091607221156026,Child Of
1000091607222051192,1000091607221156026,Child Of
1000091618456094978,1000091618455645734,Child Of
1000091618456132958,1000091618455645734,Child Of
1000091618456157083,1000091618455645734,Child Of
1000091618456187384,1000091618455645734,Child Of
1000091618456936553,1000091618456457617,Child Of
1000091618458791468,1000091618458233150,Child Of
1000091618458829581,1000091618458233150,Child Of
1000091618462837163,1000091618462495518,Child Of
1000091618462860960,1000091618462495518,Child Of
1000091618462999330,1000091618462495518,Child Of
1000091663379860470,1000091663379534958,Child Of
1000091663379915104,1000091663379534958,Child Of
1000091663379948303,1000091663379534958,Child Of
1000091663381704146,1000091663381464023,Child Of
1000091663381721141,1000091663381464023,Child Of
1000091663381751081,1000091663381464023,Child Of
1000091663381784332,1000091663381464023,Child Of
1000091663381910923,1000091663381464023,Child Of
1000091663383254405,1000091663382769570,Child Of
1000091663383350839,1000091663382769570,Child Of
1000091663383380063,1000091663382769570,Child Of
1000111663388287373,1000111663387761031,Child Of
1000111663389235306,1000111663388787819,Child Of
1000111663475841570,1000111663472777420,Child Of
1000111663475922787,1000111663472777420,Child Of
1000111663475946856,1000111663472777420,Child Of
1000111663475956561,1000111663472777420,Child Of
1000111663475972954,1000111663472777420,Child Of
1000111663475981948,1000111663472777420,Child Of
1000111663476089312,1000111663472777420,Child Of
1000111663476549607,1000111663476182232,Child Of
1000111663476562110,1000111663476182232,Child Of
1000111663476585158,1000111663476182232,Child Of
1000111663476600674,1000111663476182232,Child Of
1000111663549167173,1000111663548431897,Child Of
1000111663549179282,1000111663548431897,Child Of
1000111663549195723,1000111663548431897,Child Of
1000111663549209975,1000111663548431897,Child Of
1000111663549238473,1000111663548431897,Child Of
1000111663549265458,1000111663548431897,Child Of
1000111663549281625,1000111663548431897,Child Of
1000111663552370994,1000111663551938319,Child Of
1000111663552926508,1000111663552647313,Child Of
1000111663552939989,1000111663552647313,Child Of
1000111663552958078,1000111663552647313,Child Of
1000111663553233720,1000111663552647313,Child Of
1000111663553263308,1000111663552647313,Child Of
1000111663553324745,1000111663552647313,Child Of
1000111663553345013,1000111663552647313,Child Of
1000111663554586979,1000111663554014349,Child Of
1000111663554604107,1000111663554014349,Child Of
1000111663554633031,1000111663554014349,Child Of
1000111663554657357,1000111663554014349,Child Of
1000111663554720089,1000111663554014349,Child Of
1000111663554767228,1000111663554014349,Child Of
1000111663554801714,1000111663554014349,Child Of
1000111663554825782,1000111663554014349,Child Of
1000111663555830165,1000111663555289395,Child Of
1000111663555888259,1000111663555289395,Child Of
1000111663555900830,1000111663555289395,Child Of
1000111663555920905,1000111663555289395,Child Of
1000111663555949127,1000111663555289395,Child Of
1000111663555982567,1000111663555289395,Child Of